ANIO,MES,K_GRUPO,GRUPO,MARKET_SHARE
2010,6,G006,AMÉRICA MÓVIL,88.71%
2010,6,G005,IUSACELL-UNEFÓN,5.01%
2010,6,G003,TELEFÓNICA,6.28%
2010,9,G006,AMÉRICA MÓVIL,86.55%
2010,9,G005,IUSACELL-UNEFÓN,6.98%
2010,9,G003,TELEFÓNICA,6.47%
2010,12,G006,AMÉRICA MÓVIL,85.83%
2010,12,G005,IUSACELL-UNEFÓN,8.40%
2010,12,G003,TELEFÓNICA,5.77%
2011,3,G006,AMÉRICA MÓVIL,82.45%
2011,3,G005,IUSACELL-UNEFÓN,9.50%
2011,3,G003,TELEFÓNICA,8.05%
2011,6,G006,AMÉRICA MÓVIL,81.08%
2011,6,G005,IUSACELL-UNEFÓN,11.04%
2011,6,G003,TELEFÓNICA,7.87%
2011,9,G006,AMÉRICA MÓVIL,81.66%
2011,9,G005,IUSACELL-UNEFÓN,11.43%
2011,9,G003,TELEFÓNICA,6.91%
2011,12,G006,AMÉRICA MÓVIL,81.96%
2011,12,G005,IUSACELL-UNEFÓN,11.55%
2011,12,G003,TELEFÓNICA,6.49%
2012,3,G006,AMÉRICA MÓVIL,80.77%
2012,3,G005,IUSACELL-UNEFÓN,11.24%
2012,3,C400,NEXTEL,0.01%
2012,3,G003,TELEFÓNICA,7.98%
2012,6,G006,AMÉRICA MÓVIL,80.64%
2012,6,G005,IUSACELL-UNEFÓN,10.12%
2012,6,C400,NEXTEL,0.02%
2012,6,G003,TELEFÓNICA,9.22%
2012,9,G006,AMÉRICA MÓVIL,82.45%
2012,9,G005,IUSACELL-UNEFÓN,8.44%
2012,9,C400,NEXTEL,0.05%
2012,9,G003,TELEFÓNICA,9.06%
2012,12,G006,AMÉRICA MÓVIL,83.81%
2012,12,G005,IUSACELL-UNEFÓN,7.17%
2012,12,C400,NEXTEL,0.24%
2012,12,G003,TELEFÓNICA,8.78%
2013,3,G006,AMÉRICA MÓVIL,83.28%
2013,3,G005,IUSACELL-UNEFÓN,6.99%
2013,3,C400,NEXTEL,0.75%
2013,3,G003,TELEFÓNICA,8.98%
2013,6,G006,AMÉRICA MÓVIL,82.02%
2013,6,G005,IUSACELL-UNEFÓN,6.67%
2013,6,C400,NEXTEL,2.23%
2013,6,G003,TELEFÓNICA,9.07%
2013,7,G006,AMÉRICA MÓVIL,81.79%
2013,7,G005,IUSACELL-UNEFÓN,6.47%
2013,7,C400,NEXTEL,2.53%
2013,7,G003,TELEFÓNICA,9.21%
2013,8,G006,AMÉRICA MÓVIL,81.57%
2013,8,G005,IUSACELL-UNEFÓN,6.28%
2013,8,C400,NEXTEL,2.81%
2013,8,G003,TELEFÓNICA,9.34%
2013,9,G006,AMÉRICA MÓVIL,81.37%
2013,9,G005,IUSACELL-UNEFÓN,6.11%
2013,9,C400,NEXTEL,3.07%
2013,9,G003,TELEFÓNICA,9.45%
2013,10,G006,AMÉRICA MÓVIL,81.44%
2013,10,G005,IUSACELL-UNEFÓN,6.00%
2013,10,C400,NEXTEL,3.22%
2013,10,G003,TELEFÓNICA,9.34%
2013,11,G006,AMÉRICA MÓVIL,81.52%
2013,11,G005,IUSACELL-UNEFÓN,5.89%
2013,11,C400,NEXTEL,3.36%
2013,11,G003,TELEFÓNICA,9.23%
2013,12,G006,AMÉRICA MÓVIL,81.59%
2013,12,G005,IUSACELL-UNEFÓN,5.79%
2013,12,C400,NEXTEL,3.49%
2013,12,G003,TELEFÓNICA,9.13%
2014,1,G006,AMÉRICA MÓVIL,80.83%
2014,1,G005,IUSACELL-UNEFÓN,6.61%
2014,1,C400,NEXTEL,3.70%
2014,1,G003,TELEFÓNICA,8.85%
2014,2,G006,AMÉRICA MÓVIL,80.09%
2014,2,G005,IUSACELL-UNEFÓN,7.41%
2014,2,C400,NEXTEL,3.91%
2014,2,G003,TELEFÓNICA,8.59%
2014,3,G006,AMÉRICA MÓVIL,79.45%
2014,3,G005,IUSACELL-UNEFÓN,8.10%
2014,3,C400,NEXTEL,4.09%
2014,3,G003,TELEFÓNICA,8.36%
2014,4,G006,AMÉRICA MÓVIL,77.24%
2014,4,G005,IUSACELL-UNEFÓN,8.17%
2014,4,C400,NEXTEL,4.15%
2014,4,G003,TELEFÓNICA,10.44%
2014,5,G006,AMÉRICA MÓVIL,75.25%
2014,5,G005,IUSACELL-UNEFÓN,8.23%
2014,5,C400,NEXTEL,4.20%
2014,5,G003,TELEFÓNICA,12.32%
2014,6,G006,AMÉRICA MÓVIL,73.34%
2014,6,G005,IUSACELL-UNEFÓN,8.29%
2014,6,C400,NEXTEL,4.26%
2014,6,G003,TELEFÓNICA,14.11%
2014,6,C629,VIRGIN MOBILE,0.01%
2014,7,G006,AMÉRICA MÓVIL,72.89%
2014,7,G005,IUSACELL-UNEFÓN,7.98%
2014,7,C400,NEXTEL,4.35%
2014,7,G003,TELEFÓNICA,14.74%
2014,7,C629,VIRGIN MOBILE,0.04%
2014,8,G006,AMÉRICA MÓVIL,72.44%
2014,8,G005,IUSACELL-UNEFÓN,7.66%
2014,8,C400,NEXTEL,4.46%
2014,8,G003,TELEFÓNICA,15.38%
2014,8,C629,VIRGIN MOBILE,0.06%
2014,9,G006,AMÉRICA MÓVIL,72.39%
2014,9,C106,CIERTO,0.00%
2014,9,G005,IUSACELL-UNEFÓN,7.26%
2014,9,C400,NEXTEL,4.50%
2014,9,G003,TELEFÓNICA,15.81%
2014,9,C629,VIRGIN MOBILE,0.04%
2014,10,G006,AMÉRICA MÓVIL,72.98%
2014,10,C106,CIERTO,0.00%
2014,10,G005,IUSACELL-UNEFÓN,6.86%
2014,10,C400,NEXTEL,4.35%
2014,10,G003,TELEFÓNICA,15.76%
2014,10,C629,VIRGIN MOBILE,0.05%
2014,11,G006,AMÉRICA MÓVIL,73.52%
2014,11,C106,CIERTO,0.00%
2014,11,G005,IUSACELL-UNEFÓN,6.49%
2014,11,C400,NEXTEL,4.22%
2014,11,G003,TELEFÓNICA,15.70%
2014,11,C629,VIRGIN MOBILE,0.07%
2014,12,G006,AMÉRICA MÓVIL,74.58%
2014,12,C106,CIERTO,0.00%
2014,12,G005,IUSACELL-UNEFÓN,6.04%
2014,12,C400,NEXTEL,4.01%
2014,12,G003,TELEFÓNICA,15.30%
2014,12,C629,VIRGIN MOBILE,0.07%
2015,1,G006,AMÉRICA MÓVIL,73.02%
2015,1,C106,CIERTO,0.00%
2015,1,G005,IUSACELL-UNEFÓN,6.31%
2015,1,C400,NEXTEL,4.11%
2015,1,G003,TELEFÓNICA,16.46%
2015,1,C629,VIRGIN MOBILE,0.09%
2015,2,G006,AMÉRICA MÓVIL,72.35%
2015,2,C106,CIERTO,0.00%
2015,2,G005,IUSACELL-UNEFÓN,6.32%
2015,2,C400,NEXTEL,4.17%
2015,2,C323,QBO CEL,0.09%
2015,2,G003,TELEFÓNICA,16.95%
2015,2,C629,VIRGIN MOBILE,0.12%
2015,3,G006,AMÉRICA MÓVIL,72.54%
2015,3,C106,CIERTO,0.00%
2015,3,G005,IUSACELL-UNEFÓN,6.15%
2015,3,C400,NEXTEL,4.14%
2015,3,C323,QBO CEL,0.10%
2015,3,G003,TELEFÓNICA,16.89%
2015,3,C629,VIRGIN MOBILE,0.18%
2015,4,G006,AMÉRICA MÓVIL,72.36%
2015,4,C106,CIERTO,0.01%
2015,4,G005,IUSACELL-UNEFÓN,6.04%
2015,4,C376,MAZ TIEMPO,0.03%
2015,4,C400,NEXTEL,4.15%
2015,4,C323,QBO CEL,0.11%
2015,4,G003,TELEFÓNICA,17.05%
2015,4,C629,VIRGIN MOBILE,0.25%
2015,5,G006,AMÉRICA MÓVIL,72.54%
2015,5,C106,CIERTO,0.01%
2015,5,G005,IUSACELL-UNEFÓN,5.86%
2015,5,C376,MAZ TIEMPO,0.03%
2015,5,C400,NEXTEL,4.12%
2015,5,C323,QBO CEL,0.15%
2015,5,G003,TELEFÓNICA,16.97%
2015,5,C629,VIRGIN MOBILE,0.32%
2015,6,G006,AMÉRICA MÓVIL,72.35%
2015,6,C106,CIERTO,0.01%
2015,6,G005,IUSACELL-UNEFÓN,5.77%
2015,6,C376,MAZ TIEMPO,0.04%
2015,6,C400,NEXTEL,4.15%
2015,6,C323,QBO CEL,0.16%
2015,6,G003,TELEFÓNICA,17.14%
2015,6,C629,VIRGIN MOBILE,0.38%
2015,7,G006,AMÉRICA MÓVIL,72.10%
2015,7,C106,CIERTO,0.01%
2015,7,G005,IUSACELL-UNEFÓN,5.82%
2015,7,C376,MAZ TIEMPO,0.04%
2015,7,C400,NEXTEL,4.14%
2015,7,C323,QBO CEL,0.17%
2015,7,G003,TELEFÓNICA,17.27%
2015,7,C629,VIRGIN MOBILE,0.46%
2015,8,G006,AMÉRICA MÓVIL,71.85%
2015,8,C106,CIERTO,0.01%
2015,8,G005,IUSACELL-UNEFÓN,5.87%
2015,8,C376,MAZ TIEMPO,0.04%
2015,8,C400,NEXTEL,4.13%
2015,8,C323,QBO CEL,0.16%
2015,8,G003,TELEFÓNICA,17.42%
2015,8,C629,VIRGIN MOBILE,0.52%
2015,9,G006,AMÉRICA MÓVIL,71.28%
2015,9,C106,CIERTO,0.01%
2015,9,G005,IUSACELL-UNEFÓN,5.99%
2015,9,C376,MAZ TIEMPO,0.05%
2015,9,C400,NEXTEL,4.13%
2015,9,C323,QBO CEL,0.16%
2015,9,G003,TELEFÓNICA,17.79%
2015,9,C629,VIRGIN MOBILE,0.58%
2015,10,G006,AMÉRICA MÓVIL,71.00%
2015,10,G007,AT&T,9.40%
2015,10,C106,CIERTO,0.01%
2015,10,C376,MAZ TIEMPO,0.05%
2015,10,C323,QBO CEL,0.16%
2015,10,G003,TELEFÓNICA,18.35%
2015,10,C629,VIRGIN MOBILE,1.01%
2015,10,C656,WEEX,0.01%
2015,11,G006,AMÉRICA MÓVIL,70.20%
2015,11,G007,AT&T,9.77%
2015,11,C106,CIERTO,0.01%
2015,11,C376,MAZ TIEMPO,0.05%
2015,11,C323,QBO CEL,0.16%
2015,11,G003,TELEFÓNICA,18.70%
2015,11,C629,VIRGIN MOBILE,1.09%
2015,11,C656,WEEX,0.01%
2015,12,G006,AMÉRICA MÓVIL,70.35%
2015,12,G007,AT&T,9.88%
2015,12,C106,CIERTO,0.01%
2015,12,C376,MAZ TIEMPO,0.05%
2015,12,C323,QBO CEL,0.15%
2015,12,G003,TELEFÓNICA,18.45%
2015,12,C629,VIRGIN MOBILE,1.10%
2015,12,C656,WEEX,0.01%
2016,1,G006,AMÉRICA MÓVIL,72.11%
2016,1,G007,AT&T,11.09%
2016,1,C106,CIERTO,0.01%
2016,1,C376,MAZ TIEMPO,0.06%
2016,1,C323,QBO CEL,0.16%
2016,1,G003,TELEFÓNICA,15.47%
2016,1,C629,VIRGIN MOBILE,1.08%
2016,1,C656,WEEX,0.02%
2016,2,G006,AMÉRICA MÓVIL,71.82%
2016,2,G007,AT&T,11.32%
2016,2,C106,CIERTO,0.01%
2016,2,C376,MAZ TIEMPO,0.07%
2016,2,C323,QBO CEL,0.16%
2016,2,G003,TELEFÓNICA,15.57%
2016,2,C629,VIRGIN MOBILE,1.04%
2016,2,C656,WEEX,0.03%
2016,3,G006,AMÉRICA MÓVIL,71.66%
2016,3,G007,AT&T,11.26%
2016,3,C106,CIERTO,0.01%
2016,3,C376,MAZ TIEMPO,0.07%
2016,3,C323,QBO CEL,0.15%
2016,3,G003,TELEFÓNICA,15.71%
2016,3,C629,VIRGIN MOBILE,1.11%
2016,3,C656,WEEX,0.04%
2016,4,G006,AMÉRICA MÓVIL,71.94%
2016,4,G007,AT&T,11.24%
2016,4,C106,CIERTO,0.01%
2016,4,C376,MAZ TIEMPO,0.07%
2016,4,C323,QBO CEL,0.15%
2016,4,G003,TELEFÓNICA,15.45%
2016,4,C629,VIRGIN MOBILE,1.11%
2016,4,C656,WEEX,0.04%
2016,5,G006,AMÉRICA MÓVIL,72.15%
2016,5,G007,AT&T,11.36%
2016,5,C106,CIERTO,0.01%
2016,5,C376,MAZ TIEMPO,0.07%
2016,5,C323,QBO CEL,0.15%
2016,5,G003,TELEFÓNICA,15.15%
2016,5,C629,VIRGIN MOBILE,1.07%
2016,5,C656,WEEX,0.05%
2016,6,G006,AMÉRICA MÓVIL,71.97%
2016,6,G007,AT&T,11.70%
2016,6,C106,CIERTO,0.01%
2016,6,C376,MAZ TIEMPO,0.07%
2016,6,C323,QBO CEL,0.15%
2016,6,G003,TELEFÓNICA,14.98%
2016,6,C629,VIRGIN MOBILE,1.07%
2016,6,C656,WEEX,0.06%
2016,7,G006,AMÉRICA MÓVIL,72.68%
2016,7,G007,AT&T,11.29%
2016,7,C106,CIERTO,0.02%
2016,7,C373,MAXCOM,0.01%
2016,7,C376,MAZ TIEMPO,0.07%
2016,7,C323,QBO CEL,0.15%
2016,7,G003,TELEFÓNICA,14.66%
2016,7,C629,VIRGIN MOBILE,1.06%
2016,7,C656,WEEX,0.06%
2016,8,G006,AMÉRICA MÓVIL,72.71%
2016,8,G007,AT&T,11.49%
2016,8,C106,CIERTO,0.01%
2016,8,C373,MAXCOM,0.01%
2016,8,C376,MAZ TIEMPO,0.07%
2016,8,C323,QBO CEL,0.16%
2016,8,G003,TELEFÓNICA,14.38%
2016,8,C629,VIRGIN MOBILE,1.08%
2016,8,C656,WEEX,0.10%
2016,9,G006,AMÉRICA MÓVIL,72.50%
2016,9,G007,AT&T,11.77%
2016,9,C106,CIERTO,0.02%
2016,9,C373,MAXCOM,0.01%
2016,9,C376,MAZ TIEMPO,0.07%
2016,9,C323,QBO CEL,0.16%
2016,9,G003,TELEFÓNICA,14.26%
2016,9,C629,VIRGIN MOBILE,1.10%
2016,9,C656,WEEX,0.11%
2016,10,G006,AMÉRICA MÓVIL,71.67%
2016,10,G007,AT&T,12.62%
2016,10,C106,CIERTO,0.01%
2016,10,C704,FLASH MOBILE,0.01%
2016,10,C373,MAXCOM,0.01%
2016,10,C376,MAZ TIEMPO,0.07%
2016,10,C659,MEGATEL,0.00%
2016,10,C323,QBO CEL,0.16%
2016,10,G003,TELEFÓNICA,14.22%
2016,10,C629,VIRGIN MOBILE,1.08%
2016,10,C656,WEEX,0.14%
2016,11,G006,AMÉRICA MÓVIL,71.42%
2016,11,G007,AT&T,12.87%
2016,11,C106,CIERTO,0.01%
2016,11,C704,FLASH MOBILE,0.05%
2016,11,C584,GRUPO SALINAS,0.00%
2016,11,C373,MAXCOM,0.00%
2016,11,C376,MAZ TIEMPO,0.07%
2016,11,C659,MEGATEL,0.00%
2016,11,C706,NEUS MOBILE,0.00%
2016,11,C323,QBO CEL,0.17%
2016,11,C701,SIMPATI,0.00%
2016,11,G003,TELEFÓNICA,14.11%
2016,11,C629,VIRGIN MOBILE,1.12%
2016,11,C656,WEEX,0.16%
2016,12,G006,AMÉRICA MÓVIL,71.25%
2016,12,G007,AT&T,13.00%
2016,12,C106,CIERTO,0.01%
2016,12,C704,FLASH MOBILE,0.07%
2016,12,C584,GRUPO SALINAS,0.01%
2016,12,C703,HER MOBILE,0.00%
2016,12,C373,MAXCOM,0.00%
2016,12,C376,MAZ TIEMPO,0.07%
2016,12,C659,MEGATEL,0.01%
2016,12,C706,NEUS MOBILE,0.00%
2016,12,C323,QBO CEL,0.17%
2016,12,C701,SIMPATI,0.00%
2016,12,G003,TELEFÓNICA,14.12%
2016,12,C629,VIRGIN MOBILE,1.12%
2016,12,C656,WEEX,0.17%
2017,1,G006,AMÉRICA MÓVIL,71.08%
2017,1,G007,AT&T,13.34%
2017,1,C644,BUENO CELL,0.00%
2017,1,C106,CIERTO,0.01%
2017,1,C704,FLASH MOBILE,0.06%
2017,1,C584,GRUPO SALINAS,0.02%
2017,1,C703,HER MOBILE,0.00%
2017,1,C373,MAXCOM,0.00%
2017,1,C376,MAZ TIEMPO,0.06%
2017,1,C659,MEGATEL,0.00%
2017,1,C706,NEUS MOBILE,0.00%
2017,1,C323,QBO CEL,0.17%
2017,1,C701,SIMPATI,0.00%
2017,1,G003,TELEFÓNICA,13.94%
2017,1,C629,VIRGIN MOBILE,1.13%
2017,1,C656,WEEX,0.19%
2017,2,G006,AMÉRICA MÓVIL,70.21%
2017,2,G007,AT&T,13.50%
2017,2,C644,BUENO CELL,0.00%
2017,2,C106,CIERTO,0.01%
2017,2,C704,FLASH MOBILE,0.07%
2017,2,C584,GRUPO SALINAS,0.03%
2017,2,C703,HER MOBILE,0.00%
2017,2,C373,MAXCOM,0.00%
2017,2,C376,MAZ TIEMPO,0.03%
2017,2,C659,MEGATEL,0.00%
2017,2,C706,NEUS MOBILE,0.00%
2017,2,C323,QBO CEL,0.17%
2017,2,C701,SIMPATI,0.00%
2017,2,G003,TELEFÓNICA,14.66%
2017,2,C629,VIRGIN MOBILE,1.10%
2017,2,C656,WEEX,0.20%
2017,3,G006,AMÉRICA MÓVIL,69.85%
2017,3,G007,AT&T,13.66%
2017,3,C644,BUENO CELL,0.00%
2017,3,C106,CIERTO,0.02%
2017,3,C704,FLASH MOBILE,0.08%
2017,3,C584,GRUPO SALINAS,0.04%
2017,3,C703,HER MOBILE,0.00%
2017,3,C373,MAXCOM,0.00%
2017,3,C376,MAZ TIEMPO,0.01%
2017,3,C659,MEGATEL,0.00%
2017,3,C706,NEUS MOBILE,0.00%
2017,3,C323,QBO CEL,0.17%
2017,3,C701,SIMPATI,0.00%
2017,3,G003,TELEFÓNICA,14.93%
2017,3,C629,VIRGIN MOBILE,1.04%
2017,3,C656,WEEX,0.19%
2017,4,G006,AMÉRICA MÓVIL,71.20%
2017,4,G007,AT&T,13.77%
2017,4,C644,BUENO CELL,0.00%
2017,4,C106,CIERTO,0.02%
2017,4,C704,FLASH MOBILE,0.12%
2017,4,C584,GRUPO SALINAS,0.05%
2017,4,C703,HER MOBILE,0.00%
2017,4,C373,MAXCOM,0.00%
2017,4,C376,MAZ TIEMPO,0.01%
2017,4,C659,MEGATEL,0.00%
2017,4,C706,NEUS MOBILE,0.00%
2017,4,C323,QBO CEL,0.18%
2017,4,C701,SIMPATI,0.00%
2017,4,G003,TELEFÓNICA,13.42%
2017,4,C629,VIRGIN MOBILE,1.03%
2017,4,C656,WEEX,0.20%
2017,5,G006,AMÉRICA MÓVIL,70.94%
2017,5,G007,AT&T,14.08%
2017,5,C644,BUENO CELL,0.00%
2017,5,C106,CIERTO,0.02%
2017,5,C704,FLASH MOBILE,0.14%
2017,5,C584,GRUPO SALINAS,0.06%
2017,5,C703,HER MOBILE,0.00%
2017,5,C373,MAXCOM,0.00%
2017,5,C376,MAZ TIEMPO,0.01%
2017,5,C659,MEGATEL,0.00%
2017,5,C706,NEUS MOBILE,0.00%
2017,5,C323,QBO CEL,0.20%
2017,5,C701,SIMPATI,0.00%
2017,5,G003,TELEFÓNICA,13.35%
2017,5,C629,VIRGIN MOBILE,1.00%
2017,5,C656,WEEX,0.20%
2017,6,G006,AMÉRICA MÓVIL,70.89%
2017,6,G007,AT&T,14.18%
2017,6,C644,BUENO CELL,0.00%
2017,6,C106,CIERTO,0.02%
2017,6,C704,FLASH MOBILE,0.17%
2017,6,C584,GRUPO SALINAS,0.07%
2017,6,C703,HER MOBILE,0.00%
2017,6,C373,MAXCOM,0.00%
2017,6,C376,MAZ TIEMPO,0.01%
2017,6,C659,MEGATEL,0.00%
2017,6,C706,NEUS MOBILE,0.00%
2017,6,C323,QBO CEL,0.21%
2017,6,C701,SIMPATI,0.00%
2017,6,G003,TELEFÓNICA,13.25%
2017,6,C629,VIRGIN MOBILE,0.99%
2017,6,C656,WEEX,0.21%
2017,7,G006,AMÉRICA MÓVIL,70.91%
2017,7,G007,AT&T,14.29%
2017,7,C644,BUENO CELL,0.00%
2017,7,C106,CIERTO,0.02%
2017,7,C704,FLASH MOBILE,0.19%
2017,7,C709,FREEDOMPOP,0.01%
2017,7,C584,GRUPO SALINAS,0.10%
2017,7,C703,HER MOBILE,0.00%
2017,7,C373,MAXCOM,0.00%
2017,7,C376,MAZ TIEMPO,0.01%
2017,7,C659,MEGATEL,0.00%
2017,7,C706,NEUS MOBILE,0.00%
2017,7,C323,QBO CEL,0.21%
2017,7,C701,SIMPATI,0.00%
2017,7,G003,TELEFÓNICA,13.09%
2017,7,C629,VIRGIN MOBILE,0.96%
2017,7,C656,WEEX,0.20%
2017,8,G006,AMÉRICA MÓVIL,70.93%
2017,8,G007,AT&T,14.46%
2017,8,C644,BUENO CELL,0.00%
2017,8,C106,CIERTO,0.02%
2017,8,C704,FLASH MOBILE,0.21%
2017,8,C709,FREEDOMPOP,0.03%
2017,8,C584,GRUPO SALINAS,0.12%
2017,8,C703,HER MOBILE,0.00%
2017,8,C373,MAXCOM,0.00%
2017,8,C376,MAZ TIEMPO,0.01%
2017,8,C659,MEGATEL,0.00%
2017,8,C706,NEUS MOBILE,0.00%
2017,8,C323,QBO CEL,0.21%
2017,8,C701,SIMPATI,0.00%
2017,8,G003,TELEFÓNICA,12.87%
2017,8,C629,VIRGIN MOBILE,0.93%
2017,8,C656,WEEX,0.20%
2017,9,G006,AMÉRICA MÓVIL,71.22%
2017,9,G007,AT&T,14.40%
2017,9,C644,BUENO CELL,0.00%
2017,9,C106,CIERTO,0.02%
2017,9,C704,FLASH MOBILE,0.22%
2017,9,C709,FREEDOMPOP,0.03%
2017,9,C584,GRUPO SALINAS,0.14%
2017,9,C703,HER MOBILE,0.00%
2017,9,C373,MAXCOM,0.00%
2017,9,C376,MAZ TIEMPO,0.01%
2017,9,C659,MEGATEL,0.00%
2017,9,C706,NEUS MOBILE,0.00%
2017,9,C323,QBO CEL,0.21%
2017,9,C701,SIMPATI,0.01%
2017,9,G003,TELEFÓNICA,12.66%
2017,9,C629,VIRGIN MOBILE,0.89%
2017,9,C656,WEEX,0.19%
2017,10,G006,AMÉRICA MÓVIL,71.06%
2017,10,G007,AT&T,14.63%
2017,10,C644,BUENO CELL,0.00%
2017,10,C106,CIERTO,0.02%
2017,10,C704,FLASH MOBILE,0.23%
2017,10,C709,FREEDOMPOP,0.13%
2017,10,C584,GRUPO SALINAS,0.16%
2017,10,C703,HER MOBILE,0.00%
2017,10,C373,MAXCOM,0.00%
2017,10,C376,MAZ TIEMPO,0.01%
2017,10,C659,MEGATEL,0.00%
2017,10,C706,NEUS MOBILE,0.01%
2017,10,C323,QBO CEL,0.22%
2017,10,C701,SIMPATI,0.01%
2017,10,G003,TELEFÓNICA,12.50%
2017,10,C705,TOKA MOVIL,0.00%
2017,10,C629,VIRGIN MOBILE,0.85%
2017,10,C656,WEEX,0.18%
2017,11,G006,AMÉRICA MÓVIL,70.87%
2017,11,G007,AT&T,14.95%
2017,11,C644,BUENO CELL,0.00%
2017,11,C106,CIERTO,0.02%
2017,11,C704,FLASH MOBILE,0.18%
2017,11,C709,FREEDOMPOP,0.19%
2017,11,C584,GRUPO SALINAS,0.17%
2017,11,C703,HER MOBILE,0.00%
2017,11,C373,MAXCOM,0.00%
2017,11,C376,MAZ TIEMPO,0.01%
2017,11,C659,MEGATEL,0.00%
2017,11,C706,NEUS MOBILE,0.01%
2017,11,C323,QBO CEL,0.22%
2017,11,C701,SIMPATI,0.01%
2017,11,G003,TELEFÓNICA,12.37%
2017,11,C705,TOKA MOVIL,0.00%
2017,11,C629,VIRGIN MOBILE,0.82%
2017,11,C656,WEEX,0.18%
2017,12,G006,AMÉRICA MÓVIL,70.66%
2017,12,G007,AT&T,15.05%
2017,12,C644,BUENO CELL,0.00%
2017,12,C106,CIERTO,0.02%
2017,12,C704,FLASH MOBILE,0.17%
2017,12,C709,FREEDOMPOP,0.25%
2017,12,C584,GRUPO SALINAS,0.19%
2017,12,C703,HER MOBILE,0.00%
2017,12,C373,MAXCOM,0.01%
2017,12,C376,MAZ TIEMPO,0.01%
2017,12,C659,MEGATEL,0.00%
2017,12,C706,NEUS MOBILE,0.01%
2017,12,C323,QBO CEL,0.21%
2017,12,C701,SIMPATI,0.01%
2017,12,G003,TELEFÓNICA,12.46%
2017,12,C705,TOKA MOVIL,0.00%
2017,12,C629,VIRGIN MOBILE,0.78%
2017,12,C656,WEEX,0.17%
2018,1,G006,AMÉRICA MÓVIL,70.92%
2018,1,G007,AT&T,14.85%
2018,1,C644,BUENO CELL,0.00%
2018,1,C106,CIERTO,0.02%
2018,1,C704,FLASH MOBILE,0.18%
2018,1,C709,FREEDOMPOP,0.28%
2018,1,C584,GRUPO SALINAS,0.21%
2018,1,C703,HER MOBILE,0.00%
2018,1,C373,MAXCOM,0.01%
2018,1,C376,MAZ TIEMPO,0.00%
2018,1,C706,NEUS MOBILE,0.01%
2018,1,C323,QBO CEL,0.21%
2018,1,C701,SIMPATI,0.01%
2018,1,G003,TELEFÓNICA,12.38%
2018,1,C705,TOKA MOVIL,0.00%
2018,1,C629,VIRGIN MOBILE,0.75%
2018,1,C656,WEEX,0.17%
2018,2,G006,AMÉRICA MÓVIL,70.88%
2018,2,G007,AT&T,14.92%
2018,2,C644,BUENO CELL,0.01%
2018,2,C106,CIERTO,0.02%
2018,2,C704,FLASH MOBILE,0.20%
2018,2,C709,FREEDOMPOP,0.33%
2018,2,C584,GRUPO SALINAS,0.23%
2018,2,C703,HER MOBILE,0.00%
2018,2,C373,MAXCOM,0.01%
2018,2,C376,MAZ TIEMPO,0.01%
2018,2,C706,NEUS MOBILE,0.01%
2018,2,C323,QBO CEL,0.21%
2018,2,C701,SIMPATI,0.01%
2018,2,G003,TELEFÓNICA,12.27%
2018,2,C705,TOKA MOVIL,0.00%
2018,2,C629,VIRGIN MOBILE,0.74%
2018,2,C656,WEEX,0.17%
2018,3,G006,AMÉRICA MÓVIL,70.95%
2018,3,G007,AT&T,15.01%
2018,3,C644,BUENO CELL,0.01%
2018,3,C106,CIERTO,0.02%
2018,3,C704,FLASH MOBILE,0.20%
2018,3,C709,FREEDOMPOP,0.40%
2018,3,C584,GRUPO SALINAS,0.24%
2018,3,C703,HER MOBILE,0.00%
2018,3,C373,MAXCOM,0.02%
2018,3,C376,MAZ TIEMPO,0.01%
2018,3,C706,NEUS MOBILE,0.01%
2018,3,C323,QBO CEL,0.21%
2018,3,C701,SIMPATI,0.01%
2018,3,G003,TELEFÓNICA,12.03%
2018,3,C705,TOKA MOVIL,0.00%
2018,3,C629,VIRGIN MOBILE,0.71%
2018,3,C656,WEEX,0.17%
2018,4,G006,AMÉRICA MÓVIL,70.84%
2018,4,G007,AT&T,15.15%
2018,4,C644,BUENO CELL,0.01%
2018,4,C106,CIERTO,0.02%
2018,4,C704,FLASH MOBILE,0.21%
2018,4,C709,FREEDOMPOP,0.40%
2018,4,C584,GRUPO SALINAS,0.26%
2018,4,C703,HER MOBILE,0.00%
2018,4,C373,MAXCOM,0.02%
2018,4,C376,MAZ TIEMPO,0.01%
2018,4,C706,NEUS MOBILE,0.01%
2018,4,C323,QBO CEL,0.21%
2018,4,C701,SIMPATI,0.01%
2018,4,G003,TELEFÓNICA,11.96%
2018,4,C705,TOKA MOVIL,0.00%
2018,4,C629,VIRGIN MOBILE,0.70%
2018,4,C656,WEEX,0.18%
2018,5,G006,AMÉRICA MÓVIL,71.24%
2018,5,G007,AT&T,14.70%
2018,5,C644,BUENO CELL,0.01%
2018,5,C106,CIERTO,0.02%
2018,5,C704,FLASH MOBILE,0.21%
2018,5,C709,FREEDOMPOP,0.40%
2018,5,C584,GRUPO SALINAS,0.29%
2018,5,C703,HER MOBILE,0.01%
2018,5,C373,MAXCOM,0.02%
2018,5,C376,MAZ TIEMPO,0.01%
2018,5,C706,NEUS MOBILE,0.01%
2018,5,C323,QBO CEL,0.21%
2018,5,C701,SIMPATI,0.01%
2018,5,G003,TELEFÓNICA,11.98%
2018,5,C705,TOKA MOVIL,0.00%
2018,5,C629,VIRGIN MOBILE,0.70%
2018,5,C656,WEEX,0.19%
2018,6,G006,AMÉRICA MÓVIL,71.96%
2018,6,G007,AT&T,14.11%
2018,6,C644,BUENO CELL,0.01%
2018,6,C106,CIERTO,0.02%
2018,6,C704,FLASH MOBILE,0.21%
2018,6,C709,FREEDOMPOP,0.40%
2018,6,C584,GRUPO SALINAS,0.31%
2018,6,C703,HER MOBILE,0.01%
2018,6,C373,MAXCOM,0.02%
2018,6,C376,MAZ TIEMPO,0.00%
2018,6,C706,NEUS MOBILE,0.01%
2018,6,C323,QBO CEL,0.22%
2018,6,C701,SIMPATI,0.01%
2018,6,G003,TELEFÓNICA,11.79%
2018,6,C705,TOKA MOVIL,0.00%
2018,6,C629,VIRGIN MOBILE,0.73%
2018,6,C656,WEEX,0.19%
2018,7,G006,AMÉRICA MÓVIL,72.00%
2018,7,G007,AT&T,14.13%
2018,7,C644,BUENO CELL,0.01%
2018,7,C106,CIERTO,0.02%
2018,7,C704,FLASH MOBILE,0.20%
2018,7,C709,FREEDOMPOP,0.41%
2018,7,C584,GRUPO SALINAS,0.34%
2018,7,C703,HER MOBILE,0.01%
2018,7,C373,MAXCOM,0.02%
2018,7,C376,MAZ TIEMPO,0.01%
2018,7,C706,NEUS MOBILE,0.01%
2018,7,C323,QBO CEL,0.22%
2018,7,C701,SIMPATI,0.02%
2018,7,C726,SIX MOVIL,0.00%
2018,7,G003,TELEFÓNICA,11.68%
2018,7,C705,TOKA MOVIL,0.00%
2018,7,C629,VIRGIN MOBILE,0.74%
2018,7,C656,WEEX,0.18%
2018,8,G006,AMÉRICA MÓVIL,71.37%
2018,8,G007,AT&T,14.83%
2018,8,C644,BUENO CELL,0.01%
2018,8,C106,CIERTO,0.02%
2018,8,C704,FLASH MOBILE,0.20%
2018,8,C709,FREEDOMPOP,0.42%
2018,8,C584,GRUPO SALINAS,0.36%
2018,8,C703,HER MOBILE,0.01%
2018,8,C373,MAXCOM,0.03%
2018,8,C376,MAZ TIEMPO,0.01%
2018,8,C706,NEUS MOBILE,0.01%
2018,8,C323,QBO CEL,0.22%
2018,8,C701,SIMPATI,0.02%
2018,8,C726,SIX MOVIL,0.00%
2018,8,G003,TELEFÓNICA,11.76%
2018,8,C705,TOKA MOVIL,0.00%
2018,8,C629,VIRGIN MOBILE,0.56%
2018,8,C656,WEEX,0.18%
2018,9,G006,AMÉRICA MÓVIL,71.58%
2018,9,G007,AT&T,14.75%
2018,9,C644,BUENO CELL,0.01%
2018,9,C106,CIERTO,0.02%
2018,9,C704,FLASH MOBILE,0.21%
2018,9,C709,FREEDOMPOP,0.47%
2018,9,C584,GRUPO SALINAS,0.38%
2018,9,C703,HER MOBILE,0.01%
2018,9,C373,MAXCOM,0.03%
2018,9,C376,MAZ TIEMPO,0.01%
2018,9,C706,NEUS MOBILE,0.01%
2018,9,C323,QBO CEL,0.22%
2018,9,C701,SIMPATI,0.02%
2018,9,C726,SIX MOVIL,0.01%
2018,9,G003,TELEFÓNICA,11.73%
2018,9,C705,TOKA MOVIL,0.00%
2018,9,C629,VIRGIN MOBILE,0.36%
2018,9,C656,WEEX,0.18%
2018,10,G006,AMÉRICA MÓVIL,71.29%
2018,10,G007,AT&T,15.14%
2018,10,C644,BUENO CELL,0.01%
2018,10,C106,CIERTO,0.02%
2018,10,C704,FLASH MOBILE,0.18%
2018,10,C709,FREEDOMPOP,0.47%
2018,10,C584,GRUPO SALINAS,0.33%
2018,10,C703,HER MOBILE,0.01%
2018,10,C373,MAXCOM,0.05%
2018,10,C376,MAZ TIEMPO,0.01%
2018,10,C706,NEUS MOBILE,0.01%
2018,10,C323,QBO CEL,0.22%
2018,10,C701,SIMPATI,0.02%
2018,10,C721,SIMPLII,0.00%
2018,10,C726,SIX MOVIL,0.00%
2018,10,G003,TELEFÓNICA,11.68%
2018,10,C705,TOKA MOVIL,0.00%
2018,10,C629,VIRGIN MOBILE,0.38%
2018,10,C656,WEEX,0.18%
2018,11,G006,AMÉRICA MÓVIL,70.75%
2018,11,G007,AT&T,15.53%
2018,11,C644,BUENO CELL,0.01%
2018,11,C106,CIERTO,0.02%
2018,11,C704,FLASH MOBILE,0.18%
2018,11,C709,FREEDOMPOP,0.60%
2018,11,C584,GRUPO SALINAS,0.36%
2018,11,C703,HER MOBILE,0.01%
2018,11,C373,MAXCOM,0.06%
2018,11,C376,MAZ TIEMPO,0.01%
2018,11,C706,NEUS MOBILE,0.01%
2018,11,C323,QBO CEL,0.21%
2018,11,C701,SIMPATI,0.02%
2018,11,C721,SIMPLII,0.00%
2018,11,C726,SIX MOVIL,0.00%
2018,11,G003,TELEFÓNICA,11.73%
2018,11,C705,TOKA MOVIL,0.00%
2018,11,C629,VIRGIN MOBILE,0.33%
2018,11,C656,WEEX,0.18%
2018,12,G006,AMÉRICA MÓVIL,70.72%
2018,12,G007,AT&T,15.56%
2018,12,C644,BUENO CELL,0.01%
2018,12,C106,CIERTO,0.02%
2018,12,C704,FLASH MOBILE,0.17%
2018,12,C709,FREEDOMPOP,0.64%
2018,12,C584,GRUPO SALINAS,0.37%
2018,12,C703,HER MOBILE,0.01%
2018,12,C373,MAXCOM,0.05%
2018,12,C376,MAZ TIEMPO,0.01%
2018,12,C706,NEUS MOBILE,0.01%
2018,12,C323,QBO CEL,0.21%
2018,12,C701,SIMPATI,0.01%
2018,12,C721,SIMPLII,0.00%
2018,12,C726,SIX MOVIL,0.00%
2018,12,G003,TELEFÓNICA,11.72%
2018,12,C705,TOKA MOVIL,0.00%
2018,12,C629,VIRGIN MOBILE,0.32%
2018,12,C656,WEEX,0.17%
2019,1,G006,AMÉRICA MÓVIL,70.49%
2019,1,G007,AT&T,15.91%
2019,1,C644,BUENO CELL,0.01%
2019,1,C106,CIERTO,0.02%
2019,1,C704,FLASH MOBILE,0.15%
2019,1,C709,FREEDOMPOP,0.63%
2019,1,C584,GRUPO SALINAS,0.39%
2019,1,C703,HER MOBILE,0.01%
2019,1,C373,MAXCOM,0.05%
2019,1,C376,MAZ TIEMPO,0.01%
2019,1,G008,MEGACABLE-MCM,0.00%
2019,1,C706,NEUS MOBILE,0.01%
2019,1,C323,QBO CEL,0.21%
2019,1,C701,SIMPATI,0.01%
2019,1,C721,SIMPLII,0.00%
2019,1,C726,SIX MOVIL,0.00%
2019,1,G003,TELEFÓNICA,11.64%
2019,1,C705,TOKA MOVIL,0.00%
2019,1,C629,VIRGIN MOBILE,0.30%
2019,1,C656,WEEX,0.16%
2019,2,G006,AMÉRICA MÓVIL,69.96%
2019,2,G007,AT&T,16.38%
2019,2,C644,BUENO CELL,0.01%
2019,2,C106,CIERTO,0.01%
2019,2,C704,FLASH MOBILE,0.15%
2019,2,C709,FREEDOMPOP,0.64%
2019,2,C584,GRUPO SALINAS,0.42%
2019,2,C703,HER MOBILE,0.01%
2019,2,C373,MAXCOM,0.05%
2019,2,C376,MAZ TIEMPO,0.01%
2019,2,G008,MEGACABLE-MCM,0.03%
2019,2,C706,NEUS MOBILE,0.01%
2019,2,C323,QBO CEL,0.21%
2019,2,C701,SIMPATI,0.01%
2019,2,C721,SIMPLII,0.00%
2019,2,C726,SIX MOVIL,0.00%
2019,2,G003,TELEFÓNICA,11.65%
2019,2,C705,TOKA MOVIL,0.00%
2019,2,C629,VIRGIN MOBILE,0.28%
2019,2,C656,WEEX,0.16%
2019,3,G006,AMÉRICA MÓVIL,69.67%
2019,3,G007,AT&T,16.63%
2019,3,C644,BUENO CELL,0.01%
2019,3,C106,CIERTO,0.01%
2019,3,C704,FLASH MOBILE,0.14%
2019,3,C709,FREEDOMPOP,0.50%
2019,3,C584,GRUPO SALINAS,0.44%
2019,3,C703,HER MOBILE,0.01%
2019,3,C373,MAXCOM,0.05%
2019,3,C376,MAZ TIEMPO,0.01%
2019,3,G008,MEGACABLE-MCM,0.02%
2019,3,C706,NEUS MOBILE,0.01%
2019,3,C323,QBO CEL,0.21%
2019,3,C701,SIMPATI,0.01%
2019,3,C721,SIMPLII,0.00%
2019,3,C726,SIX MOVIL,0.00%
2019,3,G003,TELEFÓNICA,11.84%
2019,3,C705,TOKA MOVIL,0.00%
2019,3,C629,VIRGIN MOBILE,0.27%
2019,3,C656,WEEX,0.16%
2019,4,C736,AIRBUS,0.00%
2019,4,G006,AMÉRICA MÓVIL,70.40%
2019,4,G007,AT&T,16.32%
2019,4,C644,BUENO CELL,0.02%
2019,4,C106,CIERTO,0.01%
2019,4,C704,FLASH MOBILE,0.14%
2019,4,C709,FREEDOMPOP,0.50%
2019,4,C584,GRUPO SALINAS,0.45%
2019,4,C703,HER MOBILE,0.01%
2019,4,C373,MAXCOM,0.04%
2019,4,C376,MAZ TIEMPO,0.01%
2019,4,G008,MEGACABLE-MCM,0.01%
2019,4,C706,NEUS MOBILE,0.01%
2019,4,C323,QBO CEL,0.20%
2019,4,C701,SIMPATI,0.01%
2019,4,C721,SIMPLII,0.00%
2019,4,C726,SIX MOVIL,0.00%
2019,4,G003,TELEFÓNICA,11.45%
2019,4,C705,TOKA MOVIL,0.00%
2019,4,C629,VIRGIN MOBILE,0.27%
2019,4,C656,WEEX,0.15%
2019,5,C736,AIRBUS,0.00%
2019,5,G006,AMÉRICA MÓVIL,70.28%
2019,5,G007,AT&T,16.45%
2019,5,C644,BUENO CELL,0.02%
2019,5,C106,CIERTO,0.01%
2019,5,C704,FLASH MOBILE,0.13%
2019,5,C709,FREEDOMPOP,0.49%
2019,5,C584,GRUPO SALINAS,0.46%
2019,5,C703,HER MOBILE,0.01%
2019,5,C373,MAXCOM,0.04%
2019,5,C376,MAZ TIEMPO,0.01%
2019,5,G008,MEGACABLE-MCM,0.01%
2019,5,C706,NEUS MOBILE,0.01%
2019,5,C323,QBO CEL,0.20%
2019,5,C701,SIMPATI,0.01%
2019,5,C721,SIMPLII,0.00%
2019,5,C726,SIX MOVIL,0.00%
2019,5,G003,TELEFÓNICA,11.45%
2019,5,C705,TOKA MOVIL,0.00%
2019,5,C629,VIRGIN MOBILE,0.27%
2019,5,C656,WEEX,0.15%
2019,6,C736,AIRBUS,0.00%
2019,6,G006,AMÉRICA MÓVIL,70.06%
2019,6,G007,AT&T,16.77%
2019,6,C644,BUENO CELL,0.02%
2019,6,C106,CIERTO,0.01%
2019,6,C704,FLASH MOBILE,0.13%
2019,6,C709,FREEDOMPOP,0.49%
2019,6,C584,GRUPO SALINAS,0.46%
2019,6,C703,HER MOBILE,0.01%
2019,6,C373,MAXCOM,0.03%
2019,6,C376,MAZ TIEMPO,0.01%
2019,6,G008,MEGACABLE-MCM,0.01%
2019,6,C706,NEUS MOBILE,0.01%
2019,6,C323,QBO CEL,0.20%
2019,6,C701,SIMPATI,0.01%
2019,6,C721,SIMPLII,0.00%
2019,6,C726,SIX MOVIL,0.00%
2019,6,G003,TELEFÓNICA,11.38%
2019,6,C705,TOKA MOVIL,0.00%
2019,6,C629,VIRGIN MOBILE,0.26%
2019,6,C656,WEEX,0.15%
2019,7,C736,AIRBUS,0.00%
2019,7,G006,AMÉRICA MÓVIL,69.98%
2019,7,G007,AT&T,16.86%
2019,7,C644,BUENO CELL,0.02%
2019,7,C106,CIERTO,0.01%
2019,7,C704,FLASH MOBILE,0.13%
2019,7,C709,FREEDOMPOP,0.49%
2019,7,C584,GRUPO SALINAS,0.47%
2019,7,C703,HER MOBILE,0.01%
2019,7,C373,MAXCOM,0.03%
2019,7,C376,MAZ TIEMPO,0.01%
2019,7,G008,MEGACABLE-MCM,0.00%
2019,7,C737,MIIO,0.00%
2019,7,C706,NEUS MOBILE,0.01%
2019,7,C323,QBO CEL,0.20%
2019,7,C701,SIMPATI,0.01%
2019,7,C721,SIMPLII,0.00%
2019,7,C726,SIX MOVIL,0.00%
2019,7,G003,TELEFÓNICA,11.39%
2019,7,C705,TOKA MOVIL,0.00%
2019,7,C629,VIRGIN MOBILE,0.26%
2019,7,C656,WEEX,0.14%
2019,8,C736,AIRBUS,0.00%
2019,8,G006,AMÉRICA MÓVIL,69.87%
2019,8,G007,AT&T,16.96%
2019,8,C644,BUENO CELL,0.02%
2019,8,C106,CIERTO,0.01%
2019,8,C704,FLASH MOBILE,0.13%
2019,8,C709,FREEDOMPOP,0.55%
2019,8,C584,GRUPO SALINAS,0.49%
2019,8,C703,HER MOBILE,0.01%
2019,8,C373,MAXCOM,0.02%
2019,8,C376,MAZ TIEMPO,0.00%
2019,8,G008,MEGACABLE-MCM,0.00%
2019,8,C737,MIIO,0.00%
2019,8,C706,NEUS MOBILE,0.01%
2019,8,C323,QBO CEL,0.20%
2019,8,C701,SIMPATI,0.01%
2019,8,C721,SIMPLII,0.00%
2019,8,C726,SIX MOVIL,0.00%
2019,8,G003,TELEFÓNICA,11.32%
2019,8,C705,TOKA MOVIL,0.00%
2019,8,C629,VIRGIN MOBILE,0.26%
2019,8,C656,WEEX,0.14%
2019,9,C736,AIRBUS,0.00%
2019,9,G006,AMÉRICA MÓVIL,69.79%
2019,9,G007,AT&T,16.98%
2019,9,C644,BUENO CELL,0.02%
2019,9,C106,CIERTO,0.01%
2019,9,C704,FLASH MOBILE,0.13%
2019,9,C709,FREEDOMPOP,0.64%
2019,9,C584,GRUPO SALINAS,0.52%
2019,9,C703,HER MOBILE,0.01%
2019,9,C373,MAXCOM,0.02%
2019,9,C376,MAZ TIEMPO,0.00%
2019,9,G008,MEGACABLE-MCM,0.00%
2019,9,C737,MIIO,0.00%
2019,9,C706,NEUS MOBILE,0.01%
2019,9,C323,QBO CEL,0.20%
2019,9,C701,SIMPATI,0.01%
2019,9,C721,SIMPLII,0.00%
2019,9,C726,SIX MOVIL,0.00%
2019,9,G003,TELEFÓNICA,11.25%
2019,9,C705,TOKA MOVIL,0.00%
2019,9,C629,VIRGIN MOBILE,0.27%
2019,9,C656,WEEX,0.14%
2019,10,C736,AIRBUS,0.00%
2019,10,G006,AMÉRICA MÓVIL,69.49%
2019,10,G007,AT&T,17.33%
2019,10,C644,BUENO CELL,0.02%
2019,10,C106,CIERTO,0.01%
2019,10,C704,FLASH MOBILE,0.13%
2019,10,C709,FREEDOMPOP,0.70%
2019,10,C584,GRUPO SALINAS,0.53%
2019,10,C703,HER MOBILE,0.01%
2019,10,C717,IENTC,0.02%
2019,10,C373,MAXCOM,0.02%
2019,10,C376,MAZ TIEMPO,0.00%
2019,10,G008,MEGACABLE-MCM,0.00%
2019,10,C737,MIIO,0.00%
2019,10,C706,NEUS MOBILE,0.01%
2019,10,C323,QBO CEL,0.20%
2019,10,C701,SIMPATI,0.01%
2019,10,C721,SIMPLII,0.00%
2019,10,C726,SIX MOVIL,0.00%
2019,10,G003,TELEFÓNICA,11.13%
2019,10,C705,TOKA MOVIL,0.00%
2019,10,C629,VIRGIN MOBILE,0.26%
2019,10,C656,WEEX,0.13%
2019,11,C736,AIRBUS,0.00%
2019,11,G006,AMÉRICA MÓVIL,69.52%
2019,11,G007,AT&T,17.34%
2019,11,C644,BUENO CELL,0.02%
2019,11,C106,CIERTO,0.01%
2019,11,C704,FLASH MOBILE,0.13%
2019,11,C709,FREEDOMPOP,0.72%
2019,11,C584,GRUPO SALINAS,0.57%
2019,11,C703,HER MOBILE,0.01%
2019,11,C717,IENTC,0.02%
2019,11,C373,MAXCOM,0.02%
2019,11,C376,MAZ TIEMPO,0.00%
2019,11,G008,MEGACABLE-MCM,0.00%
2019,11,C737,MIIO,0.00%
2019,11,C706,NEUS MOBILE,0.01%
2019,11,C323,QBO CEL,0.19%
2019,11,C701,SIMPATI,0.02%
2019,11,C721,SIMPLII,0.00%
2019,11,C726,SIX MOVIL,0.00%
2019,11,G003,TELEFÓNICA,11.04%
2019,11,C705,TOKA MOVIL,0.00%
2019,11,C629,VIRGIN MOBILE,0.26%
2019,11,C656,WEEX,0.13%
2019,12,C736,AIRBUS,0.00%
2019,12,G006,AMÉRICA MÓVIL,69.83%
2019,12,G007,AT&T,17.14%
2019,12,C644,BUENO CELL,0.02%
2019,12,C106,CIERTO,0.01%
2019,12,C704,FLASH MOBILE,0.13%
2019,12,C709,FREEDOMPOP,0.73%
2019,12,C584,GRUPO SALINAS,0.60%
2019,12,C703,HER MOBILE,0.01%
2019,12,C717,IENTC,0.02%
2019,12,C373,MAXCOM,0.01%
2019,12,C376,MAZ TIEMPO,0.00%
2019,12,G008,MEGACABLE-MCM,0.00%
2019,12,C737,MIIO,0.00%
2019,12,C706,NEUS MOBILE,0.01%
2019,12,C323,QBO CEL,0.19%
2019,12,C701,SIMPATI,0.02%
2019,12,C721,SIMPLII,0.00%
2019,12,C726,SIX MOVIL,0.00%
2019,12,G003,TELEFÓNICA,10.92%
2019,12,C705,TOKA MOVIL,0.00%
2019,12,C629,VIRGIN MOBILE,0.23%
2019,12,C656,WEEX,0.12%
2019,12,C747,YOBI TELECOM,0.01%
2020,1,C736,AIRBUS,0.00%
2020,1,C745,ALTCEL,0.00%
2020,1,G006,AMÉRICA MÓVIL,70.36%
2020,1,G007,AT&T,16.59%
2020,1,C644,BUENO CELL,0.02%
2020,1,C106,CIERTO,0.01%
2020,1,C704,FLASH MOBILE,0.13%
2020,1,C709,FREEDOMPOP,0.73%
2020,1,C584,GRUPO SALINAS,0.62%
2020,1,C703,HER MOBILE,0.01%
2020,1,C717,IENTC,0.07%
2020,1,G008,MEGACABLE-MCM,0.01%
2020,1,C737,MIIO,0.00%
2020,1,C706,NEUS MOBILE,0.01%
2020,1,C323,QBO CEL,0.19%
2020,1,C701,SIMPATI,0.02%
2020,1,G003,TELEFÓNICA,10.87%
2020,1,C705,TOKA MOVIL,0.00%
2020,1,C629,VIRGIN MOBILE,0.23%
2020,1,C656,WEEX,0.12%
2020,1,C747,YOBI TELECOM,0.02%
2020,2,C736,AIRBUS,0.00%
2020,2,C745,ALTCEL,0.00%
2020,2,G006,AMÉRICA MÓVIL,70.39%
2020,2,G007,AT&T,16.52%
2020,2,C644,BUENO CELL,0.02%
2020,2,C106,CIERTO,0.01%
2020,2,C704,FLASH MOBILE,0.13%
2020,2,C709,FREEDOMPOP,0.84%
2020,2,C584,GRUPO SALINAS,0.65%
2020,2,C703,HER MOBILE,0.01%
2020,2,C717,IENTC,0.07%
2020,2,G008,MEGACABLE-MCM,0.01%
2020,2,C737,MIIO,0.00%
2020,2,C706,NEUS MOBILE,0.01%
2020,2,C323,QBO CEL,0.19%
2020,2,C701,SIMPATI,0.02%
2020,2,G003,TELEFÓNICA,10.75%
2020,2,C705,TOKA MOVIL,0.00%
2020,2,C629,VIRGIN MOBILE,0.23%
2020,2,C656,WEEX,0.13%
2020,2,C747,YOBI TELECOM,0.02%
2020,3,C736,AIRBUS,0.00%
2020,3,C745,ALTCEL,0.00%
2020,3,G006,AMÉRICA MÓVIL,70.52%
2020,3,G007,AT&T,16.36%
2020,3,C644,BUENO CELL,0.02%
2020,3,C106,CIERTO,0.01%
2020,3,C704,FLASH MOBILE,0.13%
2020,3,C709,FREEDOMPOP,0.93%
2020,3,C584,GRUPO SALINAS,0.67%
2020,3,C703,HER MOBILE,0.01%
2020,3,C717,IENTC,0.07%
2020,3,G008,MEGACABLE-MCM,0.03%
2020,3,C737,MIIO,0.00%
2020,3,C706,NEUS MOBILE,0.00%
2020,3,C323,QBO CEL,0.19%
2020,3,C701,SIMPATI,0.02%
2020,3,G003,TELEFÓNICA,10.66%
2020,3,C705,TOKA MOVIL,0.00%
2020,3,C629,VIRGIN MOBILE,0.23%
2020,3,C656,WEEX,0.13%
2020,3,C747,YOBI TELECOM,0.02%
2020,4,C736,AIRBUS,0.00%
2020,4,C745,ALTCEL,0.00%
2020,4,G006,AMÉRICA MÓVIL,70.77%
2020,4,G007,AT&T,16.36%
2020,4,C644,BUENO CELL,0.02%
2020,4,C106,CIERTO,0.01%
2020,4,C704,FLASH MOBILE,0.13%
2020,4,C709,FREEDOMPOP,1.01%
2020,4,C584,GRUPO SALINAS,0.66%
2020,4,C703,HER MOBILE,0.01%
2020,4,C717,IENTC,0.00%
2020,4,G008,MEGACABLE-MCM,0.02%
2020,4,C737,MIIO,0.00%
2020,4,C706,NEUS MOBILE,0.00%
2020,4,C323,QBO CEL,0.19%
2020,4,C701,SIMPATI,0.02%
2020,4,G003,TELEFÓNICA,10.41%
2020,4,C705,TOKA MOVIL,0.00%
2020,4,C629,VIRGIN MOBILE,0.23%
2020,4,C656,WEEX,0.13%
2020,4,C747,YOBI TELECOM,0.02%
2020,5,C736,AIRBUS,0.00%
2020,5,C745,ALTCEL,0.00%
2020,5,G006,AMÉRICA MÓVIL,70.74%
2020,5,G007,AT&T,16.24%
2020,5,C644,BUENO CELL,0.02%
2020,5,C106,CIERTO,0.01%
2020,5,C704,FLASH MOBILE,0.13%
2020,5,C709,FREEDOMPOP,1.10%
2020,5,C584,GRUPO SALINAS,0.69%
2020,5,C703,HER MOBILE,0.01%
2020,5,C717,IENTC,0.00%
2020,5,G008,MEGACABLE-MCM,0.03%
2020,5,C737,MIIO,0.00%
2020,5,C706,NEUS MOBILE,0.00%
2020,5,C323,QBO CEL,0.19%
2020,5,C701,SIMPATI,0.02%
2020,5,G003,TELEFÓNICA,10.46%
2020,5,C705,TOKA MOVIL,0.00%
2020,5,C629,VIRGIN MOBILE,0.22%
2020,5,C656,WEEX,0.12%
2020,5,C747,YOBI TELECOM,0.02%
2020,6,C736,AIRBUS,0.00%
2020,6,C745,ALTCEL,0.00%
2020,6,G006,AMÉRICA MÓVIL,70.84%
2020,6,G007,AT&T,16.05%
2020,6,C644,BUENO CELL,0.02%
2020,6,C106,CIERTO,0.01%
2020,6,C704,FLASH MOBILE,0.13%
2020,6,C709,FREEDOMPOP,1.09%
2020,6,C584,GRUPO SALINAS,0.69%
2020,6,C703,HER MOBILE,0.01%
2020,6,C717,IENTC,0.00%
2020,6,G008,MEGACABLE-MCM,0.04%
2020,6,C737,MIIO,0.00%
2020,6,C706,NEUS MOBILE,0.00%
2020,6,C323,QBO CEL,0.19%
2020,6,C701,SIMPATI,0.02%
2020,6,G003,TELEFÓNICA,10.56%
2020,6,C705,TOKA MOVIL,0.00%
2020,6,C629,VIRGIN MOBILE,0.21%
2020,6,C656,WEEX,0.11%
2020,6,C747,YOBI TELECOM,0.02%
2020,7,C736,AIRBUS,0.00%
2020,7,C745,ALTCEL,0.00%
2020,7,G006,AMÉRICA MÓVIL,70.84%
2020,7,G007,AT&T,16.01%
2020,7,C644,BUENO CELL,0.02%
2020,7,C106,CIERTO,0.01%
2020,7,C739,ESMERO SOLUTIONS,0.00%
2020,7,C704,FLASH MOBILE,0.13%
2020,7,C709,FREEDOMPOP,1.15%
2020,7,C584,GRUPO SALINAS,0.71%
2020,7,C703,HER MOBILE,0.01%
2020,7,C717,IENTC,0.05%
2020,7,G008,MEGACABLE-MCM,0.05%
2020,7,C737,MIIO,0.00%
2020,7,C706,NEUS MOBILE,0.00%
2020,7,C323,QBO CEL,0.01%
2020,7,C701,SIMPATI,0.02%
2020,7,G003,TELEFÓNICA,10.64%
2020,7,C705,TOKA MOVIL,0.00%
2020,7,C629,VIRGIN MOBILE,0.22%
2020,7,C656,WEEX,0.10%
2020,7,C747,YOBI TELECOM,0.02%
2020,8,C736,AIRBUS,0.00%
2020,8,C745,ALTCEL,0.00%
2020,8,G006,AMÉRICA MÓVIL,70.77%
2020,8,G007,AT&T,16.00%
2020,8,C644,BUENO CELL,0.02%
2020,8,C106,CIERTO,0.01%
2020,8,C739,ESMERO SOLUTIONS,0.00%
2020,8,C704,FLASH MOBILE,0.13%
2020,8,C709,FREEDOMPOP,1.19%
2020,8,C584,GRUPO SALINAS,0.73%
2020,8,C703,HER MOBILE,0.01%
2020,8,C717,IENTC,0.05%
2020,8,G008,MEGACABLE-MCM,0.07%
2020,8,C737,MIIO,0.00%
2020,8,C706,NEUS MOBILE,0.00%
2020,8,C323,QBO CEL,0.01%
2020,8,C701,SIMPATI,0.02%
2020,8,G003,TELEFÓNICA,10.64%
2020,8,C705,TOKA MOVIL,0.00%
2020,8,C629,VIRGIN MOBILE,0.22%
2020,8,C656,WEEX,0.10%
2020,8,C747,YOBI TELECOM,0.02%
2020,9,C736,AIRBUS,0.00%
2020,9,C745,ALTCEL,0.00%
2020,9,G006,AMÉRICA MÓVIL,70.96%
2020,9,G007,AT&T,16.01%
2020,9,C644,BUENO CELL,0.02%
2020,9,C106,CIERTO,0.01%
2020,9,C739,ESMERO SOLUTIONS,0.00%
2020,9,C704,FLASH MOBILE,0.12%
2020,9,C709,FREEDOMPOP,1.14%
2020,9,C584,GRUPO SALINAS,0.75%
2020,9,C703,HER MOBILE,0.01%
2020,9,C717,IENTC,0.05%
2020,9,G008,MEGACABLE-MCM,0.10%
2020,9,C737,MIIO,0.00%
2020,9,C706,NEUS MOBILE,0.00%
2020,9,C323,QBO CEL,0.01%
2020,9,C701,SIMPATI,0.02%
2020,9,G003,TELEFÓNICA,10.44%
2020,9,C705,TOKA MOVIL,0.00%
2020,9,C629,VIRGIN MOBILE,0.22%
2020,9,C656,WEEX,0.10%
2020,9,C747,YOBI TELECOM,0.02%
2020,9,C782,YONDER,0.00%
2020,10,C736,AIRBUS,0.00%
2020,10,C745,ALTCEL,0.00%
2020,10,G006,AMÉRICA MÓVIL,71.16%
2020,10,G007,AT&T,15.97%
2020,10,C644,BUENO CELL,0.02%
2020,10,C730,EDILAR,0.00%
2020,10,C739,ESMERO SOLUTIONS,0.00%
2020,10,C704,FLASH MOBILE,0.12%
2020,10,C709,FREEDOMPOP,1.11%
2020,10,C584,GRUPO SALINAS,0.77%
2020,10,C703,HER MOBILE,0.01%
2020,10,C717,IENTC,0.00%
2020,10,G008,MEGACABLE-MCM,0.13%
2020,10,C737,MIIO,0.00%
2020,10,C706,NEUS MOBILE,0.00%
2020,10,C323,QBO CEL,0.01%
2020,10,C701,SIMPATI,0.02%
2020,10,G003,TELEFÓNICA,10.30%
2020,10,C705,TOKA MOVIL,0.00%
2020,10,C629,VIRGIN MOBILE,0.22%
2020,10,C656,WEEX,0.10%
2020,10,C747,YOBI TELECOM,0.03%
2020,10,C782,YONDER,0.00%
2020,11,C736,AIRBUS,0.00%
2020,11,C745,ALTCEL,0.00%
2020,11,G006,AMÉRICA MÓVIL,70.65%
2020,11,G007,AT&T,16.25%
2020,11,C644,BUENO CELL,0.02%
2020,11,C730,EDILAR,0.00%
2020,11,C739,ESMERO SOLUTIONS,0.00%
2020,11,C704,FLASH MOBILE,0.12%
2020,11,C709,FREEDOMPOP,1.10%
2020,11,C584,GRUPO SALINAS,0.84%
2020,11,C703,HER MOBILE,0.01%
2020,11,C717,IENTC,0.00%
2020,11,G008,MEGACABLE-MCM,0.15%
2020,11,C737,MIIO,0.00%
2020,11,C706,NEUS MOBILE,0.00%
2020,11,C323,QBO CEL,0.01%
2020,11,C701,SIMPATI,0.02%
2020,11,G003,TELEFÓNICA,10.45%
2020,11,C705,TOKA MOVIL,0.00%
2020,11,C629,VIRGIN MOBILE,0.23%
2020,11,C656,WEEX,0.10%
2020,11,C747,YOBI TELECOM,0.03%
2020,11,C782,YONDER,0.00%
2020,12,C736,AIRBUS,0.00%
2020,12,C745,ALTCEL,0.00%
2020,12,G006,AMÉRICA MÓVIL,71.01%
2020,12,G007,AT&T,16.06%
2020,12,C644,BUENO CELL,0.02%
2020,12,C730,EDILAR,0.00%
2020,12,C739,ESMERO SOLUTIONS,0.00%
2020,12,C704,FLASH MOBILE,0.12%
2020,12,C709,FREEDOMPOP,1.08%
2020,12,C584,GRUPO SALINAS,0.69%
2020,12,C703,HER MOBILE,0.01%
2020,12,C717,IENTC,0.00%
2020,12,G008,MEGACABLE-MCM,0.17%
2020,12,C737,MIIO,0.00%
2020,12,C706,NEUS MOBILE,0.00%
2020,12,C323,QBO CEL,0.01%
2020,12,C701,SIMPATI,0.02%
2020,12,G003,TELEFÓNICA,10.41%
2020,12,C705,TOKA MOVIL,0.00%
2020,12,C629,VIRGIN MOBILE,0.23%
2020,12,C656,WEEX,0.10%
2020,12,C747,YOBI TELECOM,0.03%
2020,12,C782,YONDER,0.01%
2021,1,C516,AFCAZA,0.00%
2021,1,G006,AMÉRICA MÓVIL,71.21%
2021,1,G007,AT&T,16.22%
2021,1,C644,BUENO CELL,0.02%
2021,1,C730,EDILAR,0.00%
2021,1,C704,FLASH MOBILE,0.17%
2021,1,C709,FREEDOMPOP,1.08%
2021,1,C584,GRUPO SALINAS,0.58%
2021,1,G004,GRUPO TELEVISA,0.00%
2021,1,C732,GURUCOMM,0.00%
2021,1,C717,IENTC,0.00%
2021,1,C826,IGOU TELECOM,0.00%
2021,1,G008,MEGACABLE-MCM,0.18%
2021,1,C754,MEXFON,0.00%
2021,1,C737,MIIO,0.00%
2021,1,C751,NEWWW,0.00%
2021,1,C410,OMETEL,0.01%
2021,1,C323,QBO CEL,0.01%
2021,1,C485,SERVITRON,0.00%
2021,1,C701,SIMPATI,0.02%
2021,1,G003,TELEFÓNICA,10.13%
2021,1,C705,TOKA MOVIL,0.00%
2021,1,C629,VIRGIN MOBILE,0.26%
2021,1,C656,WEEX,0.05%
2021,1,C758,WIMOTELECOM,0.01%
2021,1,C747,YOBI TELECOM,0.04%
2021,2,C746,ADDINTELI,0.00%
2021,2,C516,AFCAZA,0.00%
2021,2,G006,AMÉRICA MÓVIL,71.00%
2021,2,G007,AT&T,16.45%
2021,2,C644,BUENO CELL,0.02%
2021,2,C730,EDILAR,0.00%
2021,2,C704,FLASH MOBILE,0.17%
2021,2,C709,FREEDOMPOP,1.09%
2021,2,C584,GRUPO SALINAS,0.58%
2021,2,G004,GRUPO TELEVISA,0.00%
2021,2,C732,GURUCOMM,0.00%
2021,2,C717,IENTC,0.00%
2021,2,C826,IGOU TELECOM,0.00%
2021,2,C473,MARKETING 358,0.00%
2021,2,G008,MEGACABLE-MCM,0.20%
2021,2,C754,MEXFON,0.00%
2021,2,C737,MIIO,0.00%
2021,2,C751,NEWWW,0.00%
2021,2,C410,OMETEL,0.01%
2021,2,C323,QBO CEL,0.01%
2021,2,C807,RED DOG,0.00%
2021,2,C485,SERVITRON,0.00%
2021,2,C701,SIMPATI,0.02%
2021,2,G003,TELEFÓNICA,10.05%
2021,2,C705,TOKA MOVIL,0.00%
2021,2,C775,VASANTA,0.01%
2021,2,C629,VIRGIN MOBILE,0.29%
2021,2,C656,WEEX,0.05%
2021,2,C758,WIMOTELECOM,0.01%
2021,2,C747,YOBI TELECOM,0.04%
2021,3,C746,ADDINTELI,0.00%
2021,3,C516,AFCAZA,0.00%
2021,3,G006,AMÉRICA MÓVIL,70.98%
2021,3,G007,AT&T,16.47%
2021,3,C644,BUENO CELL,0.02%
2021,3,C730,EDILAR,0.00%
2021,3,C704,FLASH MOBILE,0.17%
2021,3,C709,FREEDOMPOP,1.08%
2021,3,C584,GRUPO SALINAS,0.57%
2021,3,G004,GRUPO TELEVISA,0.00%
2021,3,C732,GURUCOMM,0.00%
2021,3,C717,IENTC,0.00%
2021,3,C826,IGOU TELECOM,0.00%
2021,3,C473,MARKETING 358,0.00%
2021,3,G008,MEGACABLE-MCM,0.20%
2021,3,C754,MEXFON,0.00%
2021,3,C737,MIIO,0.00%
2021,3,C729,NETWEY,0.00%
2021,3,C751,NEWWW,0.01%
2021,3,C410,OMETEL,0.01%
2021,3,C323,QBO CEL,0.01%
2021,3,C807,RED DOG,0.00%
2021,3,C485,SERVITRON,0.00%
2021,3,C701,SIMPATI,0.02%
2021,3,G003,TELEFÓNICA,10.01%
2021,3,C080,TELMOVIL,0.00%
2021,3,C705,TOKA MOVIL,0.00%
2021,3,C775,VASANTA,0.01%
2021,3,C629,VIRGIN MOBILE,0.32%
2021,3,C656,WEEX,0.05%
2021,3,C758,WIMOTELECOM,0.01%
2021,3,C747,YOBI TELECOM,0.04%
2021,4,C746,ADDINTELI,0.00%
2021,4,C516,AFCAZA,0.00%
2021,4,G006,AMÉRICA MÓVIL,71.04%
2021,4,G007,AT&T,16.67%
2021,4,C511,BROMOVIL,0.00%
2021,4,C644,BUENO CELL,0.02%
2021,4,C730,EDILAR,0.00%
2021,4,C704,FLASH MOBILE,0.17%
2021,4,C709,FREEDOMPOP,1.09%
2021,4,C584,GRUPO SALINAS,0.57%
2021,4,G004,GRUPO TELEVISA,0.00%
2021,4,C732,GURUCOMM,0.00%
2021,4,C717,IENTC,0.01%
2021,4,C826,IGOU TELECOM,0.00%
2021,4,C473,MARKETING 358,0.00%
2021,4,G008,MEGACABLE-MCM,0.01%
2021,4,C754,MEXFON,0.00%
2021,4,C737,MIIO,0.00%
2021,4,C729,NETWEY,0.00%
2021,4,C751,NEWWW,0.00%
2021,4,C410,OMETEL,0.01%
2021,4,C807,RED DOG,0.00%
2021,4,C485,SERVITRON,0.00%
2021,4,C701,SIMPATI,0.02%
2021,4,G003,TELEFÓNICA,9.96%
2021,4,C080,TELMOVIL,0.01%
2021,4,C705,TOKA MOVIL,0.00%
2021,4,C775,VASANTA,0.01%
2021,4,C629,VIRGIN MOBILE,0.34%
2021,4,C758,WIMOTELECOM,0.01%
2021,4,C747,YOBI TELECOM,0.05%
2021,5,C746,ADDINTELI,0.00%
2021,5,C516,AFCAZA,0.00%
2021,5,G006,AMÉRICA MÓVIL,70.57%
2021,5,G007,AT&T,16.95%
2021,5,C511,BROMOVIL,0.00%
2021,5,C644,BUENO CELL,0.02%
2021,5,C730,EDILAR,0.00%
2021,5,C704,FLASH MOBILE,0.17%
2021,5,C709,FREEDOMPOP,1.12%
2021,5,C584,GRUPO SALINAS,0.58%
2021,5,G004,GRUPO TELEVISA,0.00%
2021,5,C732,GURUCOMM,0.00%
2021,5,C717,IENTC,0.01%
2021,5,C826,IGOU TELECOM,0.00%
2021,5,C473,MARKETING 358,0.00%
2021,5,G008,MEGACABLE-MCM,0.01%
2021,5,C754,MEXFON,0.00%
2021,5,C737,MIIO,0.00%
2021,5,C729,NETWEY,0.01%
2021,5,C751,NEWWW,0.00%
2021,5,C410,OMETEL,0.01%
2021,5,C807,RED DOG,0.00%
2021,5,C485,SERVITRON,0.00%
2021,5,C701,SIMPATI,0.02%
2021,5,G003,TELEFÓNICA,10.06%
2021,5,C080,TELMOVIL,0.02%
2021,5,C705,TOKA MOVIL,0.00%
2021,5,C775,VASANTA,0.01%
2021,5,C629,VIRGIN MOBILE,0.36%
2021,5,C758,WIMOTELECOM,0.01%
2021,5,C747,YOBI TELECOM,0.06%
2021,6,C746,ADDINTELI,0.00%
2021,6,C516,AFCAZA,0.00%
2021,6,G006,AMÉRICA MÓVIL,70.53%
2021,6,G007,AT&T,17.00%
2021,6,C511,BROMOVIL,0.00%
2021,6,C644,BUENO CELL,0.02%
2021,6,C730,EDILAR,0.00%
2021,6,C704,FLASH MOBILE,0.17%
2021,6,C709,FREEDOMPOP,1.15%
2021,6,C584,GRUPO SALINAS,0.57%
2021,6,G004,GRUPO TELEVISA,0.00%
2021,6,C732,GURUCOMM,0.00%
2021,6,C717,IENTC,0.01%
2021,6,C826,IGOU TELECOM,0.00%
2021,6,C473,MARKETING 358,0.00%
2021,6,G008,MEGACABLE-MCM,0.02%
2021,6,C754,MEXFON,0.00%
2021,6,C737,MIIO,0.00%
2021,6,C729,NETWEY,0.01%
2021,6,C751,NEWWW,0.00%
2021,6,C410,OMETEL,0.01%
2021,6,C807,RED DOG,0.00%
2021,6,C485,SERVITRON,0.00%
2021,6,C701,SIMPATI,0.03%
2021,6,G003,TELEFÓNICA,9.97%
2021,6,C080,TELMOVIL,0.04%
2021,6,C705,TOKA MOVIL,0.00%
2021,6,C775,VASANTA,0.01%
2021,6,C629,VIRGIN MOBILE,0.39%
2021,6,C758,WIMOTELECOM,0.01%
2021,6,C747,YOBI TELECOM,0.07%
2021,7,C746,ADDINTELI,0.00%
2021,7,C516,AFCAZA,0.00%
2021,7,G006,AMÉRICA MÓVIL,70.10%
2021,7,G007,AT&T,17.12%
2021,7,C511,BROMOVIL,0.00%
2021,7,C644,BUENO CELL,0.02%
2021,7,C730,EDILAR,0.00%
2021,7,C704,FLASH MOBILE,0.17%
2021,7,C709,FREEDOMPOP,1.15%
2021,7,C584,GRUPO SALINAS,0.60%
2021,7,G004,GRUPO TELEVISA,0.00%
2021,7,C732,GURUCOMM,0.00%
2021,7,C717,IENTC,0.01%
2021,7,C826,IGOU TELECOM,0.00%
2021,7,C473,MARKETING 358,0.00%
2021,7,G008,MEGACABLE-MCM,0.28%
2021,7,C754,MEXFON,0.00%
2021,7,C737,MIIO,0.00%
2021,7,C729,NETWEY,0.01%
2021,7,C751,NEWWW,0.00%
2021,7,C410,OMETEL,0.01%
2021,7,C770,PLINTRON,0.00%
2021,7,C323,QBO CEL,0.01%
2021,7,C807,RED DOG,0.00%
2021,7,C485,SERVITRON,0.00%
2021,7,C701,SIMPATI,0.03%
2021,7,G003,TELEFÓNICA,9.88%
2021,7,C080,TELMOVIL,0.05%
2021,7,C705,TOKA MOVIL,0.00%
2021,7,C775,VASANTA,0.01%
2021,7,C629,VIRGIN MOBILE,0.41%
2021,7,C656,WEEX,0.05%
2021,7,C758,WIMOTELECOM,0.01%
2021,7,C747,YOBI TELECOM,0.07%
2021,8,C746,ADDINTELI,0.00%
2021,8,C516,AFCAZA,0.00%
2021,8,G006,AMÉRICA MÓVIL,69.71%
2021,8,G007,AT&T,17.36%
2021,8,C511,BROMOVIL,0.00%
2021,8,C644,BUENO CELL,0.02%
2021,8,C730,EDILAR,0.00%
2021,8,C704,FLASH MOBILE,0.17%
2021,8,C709,FREEDOMPOP,1.16%
2021,8,C584,GRUPO SALINAS,0.60%
2021,8,G004,GRUPO TELEVISA,0.00%
2021,8,C732,GURUCOMM,0.00%
2021,8,C717,IENTC,0.01%
2021,8,C826,IGOU TELECOM,0.00%
2021,8,C473,MARKETING 358,0.00%
2021,8,G008,MEGACABLE-MCM,0.31%
2021,8,C754,MEXFON,0.00%
2021,8,C737,MIIO,0.00%
2021,8,C729,NETWEY,0.01%
2021,8,C751,NEWWW,0.00%
2021,8,C410,OMETEL,0.01%
2021,8,C770,PLINTRON,0.00%
2021,8,C323,QBO CEL,0.01%
2021,8,C807,RED DOG,0.00%
2021,8,C485,SERVITRON,0.00%
2021,8,C701,SIMPATI,0.03%
2021,8,G003,TELEFÓNICA,9.93%
2021,8,C080,TELMOVIL,0.07%
2021,8,C705,TOKA MOVIL,0.00%
2021,8,C775,VASANTA,0.01%
2021,8,C629,VIRGIN MOBILE,0.44%
2021,8,C656,WEEX,0.05%
2021,8,C758,WIMOTELECOM,0.02%
2021,8,C747,YOBI TELECOM,0.07%
2021,9,C746,ADDINTELI,0.00%
2021,9,C516,AFCAZA,0.00%
2021,9,G006,AMÉRICA MÓVIL,69.52%
2021,9,G007,AT&T,17.53%
2021,9,C511,BROMOVIL,0.00%
2021,9,C644,BUENO CELL,0.02%
2021,9,C730,EDILAR,0.00%
2021,9,C704,FLASH MOBILE,0.17%
2021,9,C709,FREEDOMPOP,1.17%
2021,9,C584,GRUPO SALINAS,0.59%
2021,9,G004,GRUPO TELEVISA,0.00%
2021,9,C732,GURUCOMM,0.00%
2021,9,C717,IENTC,0.01%
2021,9,C826,IGOU TELECOM,0.00%
2021,9,C473,MARKETING 358,0.01%
2021,9,G008,MEGACABLE-MCM,0.33%
2021,9,C754,MEXFON,0.00%
2021,9,C737,MIIO,0.00%
2021,9,C729,NETWEY,0.02%
2021,9,C751,NEWWW,0.00%
2021,9,C410,OMETEL,0.01%
2021,9,C770,PLINTRON,0.00%
2021,9,C323,QBO CEL,0.01%
2021,9,C807,RED DOG,0.00%
2021,9,C485,SERVITRON,0.00%
2021,9,C701,SIMPATI,0.04%
2021,9,G003,TELEFÓNICA,9.87%
2021,9,C080,TELMOVIL,0.07%
2021,9,C705,TOKA MOVIL,0.00%
2021,9,C775,VASANTA,0.01%
2021,9,C629,VIRGIN MOBILE,0.46%
2021,9,C656,WEEX,0.05%
2021,9,C758,WIMOTELECOM,0.01%
2021,9,C747,YOBI TELECOM,0.07%
2021,10,C746,ADDINTELI,0.00%
2021,10,C516,AFCAZA,0.00%
2021,10,G006,AMÉRICA MÓVIL,70.27%
2021,10,G007,AT&T,17.33%
2021,10,C511,BROMOVIL,0.00%
2021,10,C644,BUENO CELL,0.02%
2021,10,C730,EDILAR,0.00%
2021,10,C704,FLASH MOBILE,0.17%
2021,10,C709,FREEDOMPOP,1.15%
2021,10,C584,GRUPO SALINAS,0.58%
2021,10,G004,GRUPO TELEVISA,0.00%
2021,10,C732,GURUCOMM,0.00%
2021,10,C717,IENTC,0.01%
2021,10,C826,IGOU TELECOM,0.00%
2021,10,C473,MARKETING 358,0.02%
2021,10,G008,MEGACABLE-MCM,0.02%
2021,10,C754,MEXFON,0.00%
2021,10,C737,MIIO,0.00%
2021,10,C729,NETWEY,0.02%
2021,10,C751,NEWWW,0.01%
2021,10,C410,OMETEL,0.01%
2021,10,C770,PLINTRON,0.00%
2021,10,C807,RED DOG,0.00%
2021,10,C485,SERVITRON,0.00%
2021,10,C701,SIMPATI,0.03%
2021,10,G003,TELEFÓNICA,9.68%
2021,10,C080,TELMOVIL,0.06%
2021,10,C705,TOKA MOVIL,0.00%
2021,10,C775,VASANTA,0.01%
2021,10,C629,VIRGIN MOBILE,0.47%
2021,10,C656,WEEX,0.05%
2021,10,C758,WIMOTELECOM,0.00%
2021,10,C747,YOBI TELECOM,0.07%
2021,11,C746,ADDINTELI,0.00%
2021,11,C516,AFCAZA,0.00%
2021,11,G006,AMÉRICA MÓVIL,70.10%
2021,11,G007,AT&T,17.47%
2021,11,C511,BROMOVIL,0.00%
2021,11,C644,BUENO CELL,0.02%
2021,11,C730,EDILAR,0.00%
2021,11,C704,FLASH MOBILE,0.17%
2021,11,C709,FREEDOMPOP,1.14%
2021,11,C584,GRUPO SALINAS,0.57%
2021,11,G004,GRUPO TELEVISA,0.00%
2021,11,C732,GURUCOMM,0.00%
2021,11,C717,IENTC,0.01%
2021,11,C826,IGOU TELECOM,0.00%
2021,11,C473,MARKETING 358,0.03%
2021,11,G008,MEGACABLE-MCM,0.02%
2021,11,C754,MEXFON,0.00%
2021,11,C737,MIIO,0.00%
2021,11,C729,NETWEY,0.02%
2021,11,C751,NEWWW,0.01%
2021,11,C410,OMETEL,0.01%
2021,11,C770,PLINTRON,0.00%
2021,11,C807,RED DOG,0.00%
2021,11,C485,SERVITRON,0.00%
2021,11,C701,SIMPATI,0.03%
2021,11,G003,TELEFÓNICA,9.65%
2021,11,C080,TELMOVIL,0.08%
2021,11,C705,TOKA MOVIL,0.00%
2021,11,C775,VASANTA,0.01%
2021,11,C629,VIRGIN MOBILE,0.52%
2021,11,C656,WEEX,0.05%
2021,11,C758,WIMOTELECOM,0.00%
2021,11,C747,YOBI TELECOM,0.08%
2021,12,C746,ADDINTELI,0.00%
2021,12,C516,AFCAZA,0.00%
2021,12,G006,AMÉRICA MÓVIL,70.15%
2021,12,G007,AT&T,17.47%
2021,12,C511,BROMOVIL,0.00%
2021,12,C644,BUENO CELL,0.02%
2021,12,C730,EDILAR,0.00%
2021,12,C704,FLASH MOBILE,0.17%
2021,12,C709,FREEDOMPOP,1.13%
2021,12,C584,GRUPO SALINAS,0.56%
2021,12,G004,GRUPO TELEVISA,0.00%
2021,12,C732,GURUCOMM,0.00%
2021,12,C717,IENTC,0.01%
2021,12,C826,IGOU TELECOM,0.00%
2021,12,C473,MARKETING 358,0.03%
2021,12,G008,MEGACABLE-MCM,0.02%
2021,12,C754,MEXFON,0.00%
2021,12,C737,MIIO,0.00%
2021,12,C729,NETWEY,0.02%
2021,12,C751,NEWWW,0.01%
2021,12,C410,OMETEL,0.01%
2021,12,C770,PLINTRON,0.00%
2021,12,C807,RED DOG,0.00%
2021,12,C485,SERVITRON,0.00%
2021,12,C701,SIMPATI,0.03%
2021,12,G003,TELEFÓNICA,9.58%
2021,12,C080,TELMOVIL,0.10%
2021,12,C705,TOKA MOVIL,0.00%
2021,12,C775,VASANTA,0.01%
2021,12,C629,VIRGIN MOBILE,0.53%
2021,12,C656,WEEX,0.05%
2021,12,C758,WIMOTELECOM,0.00%
2021,12,C747,YOBI TELECOM,0.08%
2022,1,C746,ADDINTELI,0.00%
2022,1,C516,AFCAZA,0.00%
2022,1,C020,ALESTRA,0.00%
2022,1,G006,AMÉRICA MÓVIL,68.63%
2022,1,G007,AT&T,17.07%
2022,1,C805,AXIOS MOBILE,0.00%
2022,1,C511,BROMOVIL,0.00%
2022,1,C644,BUENO CELL,0.02%
2022,1,C816,CONECTA2,0.00%
2022,1,C083,DALE FON,0.00%
2022,1,C704,FLASH MOBILE,0.17%
2022,1,C709,FREEDOMPOP,1.11%
2022,1,C794,GAMERS,0.00%
2022,1,C584,GRUPO SALINAS,0.56%
2022,1,G004,GRUPO TELEVISA,0.00%
2022,1,C804,GRUPO WALMART,1.91%
2022,1,C781,GUGACOM,0.00%
2022,1,C732,GURUCOMM,0.00%
2022,1,C717,IENTC,0.00%
2022,1,G008,MEGACABLE-MCM,0.36%
2022,1,C754,MEXFON,0.00%
2022,1,C737,MIIO,0.00%
2022,1,C818,MOBIG,0.00%
2022,1,C751,NEWWW,0.00%
2022,1,C465,R&R NEGOCIOS ALTERNOS,0.00%
2022,1,C807,RED DOG,0.00%
2022,1,C753,ROCKETEL,0.00%
2022,1,C485,SERVITRON,0.00%
2022,1,C701,SIMPATI,0.03%
2022,1,G003,TELEFÓNICA,9.25%
2022,1,C080,TELMOVIL,0.10%
2022,1,C775,VASANTA,0.01%
2022,1,C629,VIRGIN MOBILE,0.54%
2022,1,C656,WEEX,0.05%
2022,1,C758,WIMOTELECOM,0.00%
2022,1,C747,YOBI TELECOM,0.08%
2022,1,C782,YONDER,0.09%
2022,2,C746,ADDINTELI,0.00%
2022,2,C516,AFCAZA,0.00%
2022,2,C020,ALESTRA,0.00%
2022,2,G006,AMÉRICA MÓVIL,68.38%
2022,2,G007,AT&T,17.13%
2022,2,C805,AXIOS MOBILE,0.00%
2022,2,C647,BENELEIT MOVIL,0.03%
2022,2,C511,BROMOVIL,0.00%
2022,2,C644,BUENO CELL,0.02%
2022,2,C816,CONECTA2,0.00%
2022,2,C083,DALE FON,0.00%
2022,2,C704,FLASH MOBILE,0.17%
2022,2,C709,FREEDOMPOP,1.12%
2022,2,C794,GAMERS,0.00%
2022,2,C584,GRUPO SALINAS,0.58%
2022,2,G004,GRUPO TELEVISA,0.00%
2022,2,C804,GRUPO WALMART,2.08%
2022,2,C781,GUGACOM,0.00%
2022,2,C732,GURUCOMM,0.00%
2022,2,C717,IENTC,0.00%
2022,2,G008,MEGACABLE-MCM,0.43%
2022,2,C754,MEXFON,0.00%
2022,2,C737,MIIO,0.00%
2022,2,C818,MOBIG,0.00%
2022,2,C751,NEWWW,0.00%
2022,2,C465,R&R NEGOCIOS ALTERNOS,0.00%
2022,2,C807,RED DOG,0.00%
2022,2,C646,REDPHONE,0.00%
2022,2,C753,ROCKETEL,0.00%
2022,2,C485,SERVITRON,0.01%
2022,2,C701,SIMPATI,0.03%
2022,2,G003,TELEFÓNICA,9.14%
2022,2,C080,TELMOVIL,0.10%
2022,2,C775,VASANTA,0.01%
2022,2,C629,VIRGIN MOBILE,0.55%
2022,2,C656,WEEX,0.05%
2022,2,C758,WIMOTELECOM,0.00%
2022,2,C747,YOBI TELECOM,0.08%
2022,2,C782,YONDER,0.10%
2022,3,C746,ADDINTELI,0.00%
2022,3,C516,AFCAZA,0.00%
2022,3,C020,ALESTRA,0.00%
2022,3,G006,AMÉRICA MÓVIL,68.51%
2022,3,G007,AT&T,17.12%
2022,3,C805,AXIOS MOBILE,0.00%
2022,3,C647,BENELEIT MOVIL,0.04%
2022,3,C511,BROMOVIL,0.00%
2022,3,C644,BUENO CELL,0.02%
2022,3,C806,CELFI,0.00%
2022,3,C816,CONECTA2,0.00%
2022,3,C083,DALE FON,0.00%
2022,3,C704,FLASH MOBILE,0.17%
2022,3,C709,FREEDOMPOP,1.12%
2022,3,C794,GAMERS,0.00%
2022,3,C584,GRUPO SALINAS,0.59%
2022,3,G004,GRUPO TELEVISA,0.00%
2022,3,C804,GRUPO WALMART,1.93%
2022,3,C781,GUGACOM,0.00%
2022,3,C732,GURUCOMM,0.00%
2022,3,C717,IENTC,0.00%
2022,3,G008,MEGACABLE-MCM,0.38%
2022,3,C754,MEXFON,0.00%
2022,3,C737,MIIO,0.00%
2022,3,C832,MO!NET,0.00%
2022,3,C818,MOBIG,0.00%
2022,3,C751,NEWWW,0.00%
2022,3,C465,R&R NEGOCIOS ALTERNOS,0.00%
2022,3,C807,RED DOG,0.00%
2022,3,C646,REDPHONE,0.00%
2022,3,C753,ROCKETEL,0.00%
2022,3,C485,SERVITRON,0.01%
2022,3,C701,SIMPATI,0.03%
2022,3,G003,TELEFÓNICA,9.15%
2022,3,C080,TELMOVIL,0.10%
2022,3,C775,VASANTA,0.01%
2022,3,C629,VIRGIN MOBILE,0.56%
2022,3,C656,WEEX,0.05%
2022,3,C758,WIMOTELECOM,0.00%
2022,3,C747,YOBI TELECOM,0.08%
2022,3,C782,YONDER,0.11%
2022,4,C746,ADDINTELI,0.00%
2022,4,C516,AFCAZA,0.00%
2022,4,C020,ALESTRA,0.00%
2022,4,G006,AMÉRICA MÓVIL,68.55%
2022,4,G007,AT&T,17.22%
2022,4,C805,AXIOS MOBILE,0.00%
2022,4,C647,BENELEIT MOVIL,0.09%
2022,4,C511,BROMOVIL,0.00%
2022,4,C644,BUENO CELL,0.02%
2022,4,C806,CELFI,0.00%
2022,4,C816,CONECTA2,0.00%
2022,4,C083,DALE FON,0.00%
2022,4,C704,FLASH MOBILE,0.17%
2022,4,C709,FREEDOMPOP,1.13%
2022,4,C794,GAMERS,0.00%
2022,4,C584,GRUPO SALINAS,0.62%
2022,4,G004,GRUPO TELEVISA,0.00%
2022,4,C804,GRUPO WALMART,1.90%
2022,4,C781,GUGACOM,0.00%
2022,4,C732,GURUCOMM,0.00%
2022,4,C717,IENTC,0.00%
2022,4,C473,MARKETING 358,0.00%
2022,4,G008,MEGACABLE-MCM,0.39%
2022,4,C754,MEXFON,0.00%
2022,4,C737,MIIO,0.00%
2022,4,C832,MO!NET,0.00%
2022,4,C818,MOBIG,0.00%
2022,4,C751,NEWWW,0.06%
2022,4,C465,R&R NEGOCIOS ALTERNOS,0.00%
2022,4,C807,RED DOG,0.00%
2022,4,C646,REDPHONE,0.00%
2022,4,C753,ROCKETEL,0.02%
2022,4,C485,SERVITRON,0.01%
2022,4,G003,TELEFÓNICA,9.09%
2022,4,C775,VASANTA,0.01%
2022,4,C629,VIRGIN MOBILE,0.58%
2022,4,C656,WEEX,0.05%
2022,4,C758,WIMOTELECOM,0.00%
2022,4,C747,YOBI TELECOM,0.08%
2022,5,C746,ADDINTELI,0.00%
2022,5,C516,AFCAZA,0.00%
2022,5,C020,ALESTRA,0.00%
2022,5,G006,AMÉRICA MÓVIL,68.30%
2022,5,G007,AT&T,17.31%
2022,5,C805,AXIOS MOBILE,0.00%
2022,5,C647,BENELEIT MOVIL,0.11%
2022,5,C511,BROMOVIL,0.00%
2022,5,C644,BUENO CELL,0.02%
2022,5,C806,CELFI,0.00%
2022,5,C816,CONECTA2,0.00%
2022,5,C083,DALE FON,0.00%
2022,5,C704,FLASH MOBILE,0.17%
2022,5,C709,FREEDOMPOP,1.13%
2022,5,C794,GAMERS,0.00%
2022,5,C584,GRUPO SALINAS,0.63%
2022,5,G004,GRUPO TELEVISA,0.00%
2022,5,C804,GRUPO WALMART,2.05%
2022,5,C781,GUGACOM,0.00%
2022,5,C732,GURUCOMM,0.00%
2022,5,C717,IENTC,0.00%
2022,5,C473,MARKETING 358,0.00%
2022,5,G008,MEGACABLE-MCM,0.39%
2022,5,C754,MEXFON,0.00%
2022,5,C737,MIIO,0.00%
2022,5,C832,MO!NET,0.00%
2022,5,C818,MOBIG,0.00%
2022,5,C751,NEWWW,0.06%
2022,5,C465,R&R NEGOCIOS ALTERNOS,0.00%
2022,5,C807,RED DOG,0.00%
2022,5,C646,REDPHONE,0.00%
2022,5,C753,ROCKETEL,0.02%
2022,5,C485,SERVITRON,0.01%
2022,5,G003,TELEFÓNICA,9.05%
2022,5,C775,VASANTA,0.01%
2022,5,C629,VIRGIN MOBILE,0.59%
2022,5,C656,WEEX,0.05%
2022,5,C758,WIMOTELECOM,0.00%
2022,5,C747,YOBI TELECOM,0.08%
2022,6,C746,ADDINTELI,0.00%
2022,6,C516,AFCAZA,0.00%
2022,6,C020,ALESTRA,0.00%
2022,6,G006,AMÉRICA MÓVIL,68.31%
2022,6,G007,AT&T,17.44%
2022,6,C805,AXIOS MOBILE,0.00%
2022,6,C647,BENELEIT MOVIL,0.11%
2022,6,C511,BROMOVIL,0.00%
2022,6,C644,BUENO CELL,0.02%
2022,6,C806,CELFI,0.00%
2022,6,C866,COMERCIALIZADORA ROMEL,0.00%
2022,6,C816,CONECTA2,0.00%
2022,6,C083,DALE FON,0.00%
2022,6,C704,FLASH MOBILE,0.17%
2022,6,C709,FREEDOMPOP,1.14%
2022,6,C794,GAMERS,0.00%
2022,6,C584,GRUPO SALINAS,0.65%
2022,6,G004,GRUPO TELEVISA,0.00%
2022,6,C804,GRUPO WALMART,1.93%
2022,6,C781,GUGACOM,0.00%
2022,6,C732,GURUCOMM,0.00%
2022,6,C717,IENTC,0.00%
2022,6,C473,MARKETING 358,0.00%
2022,6,G008,MEGACABLE-MCM,0.39%
2022,6,C754,MEXFON,0.00%
2022,6,C737,MIIO,0.00%
2022,6,C832,MO!NET,0.00%
2022,6,C818,MOBIG,0.00%
2022,6,C751,NEWWW,0.06%
2022,6,C465,R&R NEGOCIOS ALTERNOS,0.00%
2022,6,C807,RED DOG,0.00%
2022,6,C646,REDPHONE,0.00%
2022,6,C753,ROCKETEL,0.02%
2022,6,C485,SERVITRON,0.01%
2022,6,G003,TELEFÓNICA,8.98%
2022,6,C775,VASANTA,0.01%
2022,6,C629,VIRGIN MOBILE,0.61%
2022,6,C656,WEEX,0.05%
2022,6,C758,WIMOTELECOM,0.00%
2022,6,C747,YOBI TELECOM,0.09%
2022,7,C746,ADDINTELI,0.00%
2022,7,C516,AFCAZA,0.00%
2022,7,C020,ALESTRA,0.00%
2022,7,G006,AMÉRICA MÓVIL,67.18%
2022,7,G007,AT&T,17.10%
2022,7,C805,AXIOS MOBILE,0.00%
2022,7,C647,BENELEIT MOVIL,0.11%
2022,7,C511,BROMOVIL,0.00%
2022,7,C644,BUENO CELL,0.02%
2022,7,C806,CELFI,0.00%
2022,7,C866,COMERCIALIZADORA ROMEL,0.00%
2022,7,C816,CONECTA2,0.01%
2022,7,C083,DALE FON,0.00%
2022,7,C756,DIRI MOVIL,0.11%
2022,7,C704,FLASH MOBILE,0.17%
2022,7,C709,FREEDOMPOP,1.15%
2022,7,C794,GAMERS,0.00%
2022,7,C584,GRUPO SALINAS,0.64%
2022,7,G004,GRUPO TELEVISA,0.00%
2022,7,C804,GRUPO WALMART,3.09%
2022,7,C781,GUGACOM,0.00%
2022,7,C732,GURUCOMM,0.00%
2022,7,C717,IENTC,0.00%
2022,7,C473,MARKETING 358,0.00%
2022,7,G008,MEGACABLE-MCM,0.38%
2022,7,C754,MEXFON,0.00%
2022,7,C737,MIIO,0.00%
2022,7,C832,MO!NET,0.00%
2022,7,C818,MOBIG,0.00%
2022,7,C751,NEWWW,0.30%
2022,7,C465,R&R NEGOCIOS ALTERNOS,0.00%
2022,7,C807,RED DOG,0.00%
2022,7,C646,REDPHONE,0.00%
2022,7,C753,ROCKETEL,0.09%
2022,7,C485,SERVITRON,0.01%
2022,7,G003,TELEFÓNICA,8.76%
2022,7,C080,TELMOVIL,0.10%
2022,7,C775,VASANTA,0.01%
2022,7,C629,VIRGIN MOBILE,0.61%
2022,7,C656,WEEX,0.05%
2022,7,C758,WIMOTELECOM,0.00%
2022,7,C747,YOBI TELECOM,0.09%
2022,8,C746,ADDINTELI,0.00%
2022,8,C516,AFCAZA,0.00%
2022,8,C020,ALESTRA,0.00%
2022,8,G006,AMÉRICA MÓVIL,67.00%
2022,8,G007,AT&T,17.10%
2022,8,C805,AXIOS MOBILE,0.00%
2022,8,C647,BENELEIT MOVIL,0.11%
2022,8,C511,BROMOVIL,0.00%
2022,8,C644,BUENO CELL,0.02%
2022,8,C806,CELFI,0.00%
2022,8,C866,COMERCIALIZADORA ROMEL,0.00%
2022,8,C816,CONECTA2,0.01%
2022,8,C083,DALE FON,0.00%
2022,8,C756,DIRI MOVIL,0.11%
2022,8,C704,FLASH MOBILE,0.17%
2022,8,C709,FREEDOMPOP,1.19%
2022,8,C794,GAMERS,0.00%
2022,8,C584,GRUPO SALINAS,0.65%
2022,8,G004,GRUPO TELEVISA,0.00%
2022,8,C804,GRUPO WALMART,3.32%
2022,8,C732,GURUCOMM,0.00%
2022,8,C717,IENTC,0.00%
2022,8,C473,MARKETING 358,0.00%
2022,8,G008,MEGACABLE-MCM,0.38%
2022,8,C754,MEXFON,0.00%
2022,8,C737,MIIO,0.00%
2022,8,C832,MO!NET,0.00%
2022,8,C818,MOBIG,0.00%
2022,8,C751,NEWWW,0.30%
2022,8,C465,R&R NEGOCIOS ALTERNOS,0.00%
2022,8,C807,RED DOG,0.00%
2022,8,C646,REDPHONE,0.00%
2022,8,C753,ROCKETEL,0.10%
2022,8,C485,SERVITRON,0.01%
2022,8,G003,TELEFÓNICA,8.64%
2022,8,C080,TELMOVIL,0.10%
2022,8,C775,VASANTA,0.01%
2022,8,C629,VIRGIN MOBILE,0.63%
2022,8,C656,WEEX,0.04%
2022,8,C758,WIMOTELECOM,0.00%
2022,8,C747,YOBI TELECOM,0.09%
2022,9,C746,ADDINTELI,0.00%
2022,9,C516,AFCAZA,0.00%
2022,9,C020,ALESTRA,0.00%
2022,9,G006,AMÉRICA MÓVIL,66.73%
2022,9,G007,AT&T,17.11%
2022,9,C805,AXIOS MOBILE,0.00%
2022,9,C647,BENELEIT MOVIL,0.11%
2022,9,C511,BROMOVIL,0.00%
2022,9,C644,BUENO CELL,0.02%
2022,9,C806,CELFI,0.00%
2022,9,C866,COMERCIALIZADORA ROMEL,0.00%
2022,9,C816,CONECTA2,0.01%
2022,9,C083,DALE FON,0.00%
2022,9,C756,DIRI MOVIL,0.12%
2022,9,C704,FLASH MOBILE,0.14%
2022,9,C709,FREEDOMPOP,1.22%
2022,9,C794,GAMERS,0.00%
2022,9,C584,GRUPO SALINAS,0.67%
2022,9,G004,GRUPO TELEVISA,0.00%
2022,9,C804,GRUPO WALMART,3.67%
2022,9,C732,GURUCOMM,0.00%
2022,9,C717,IENTC,0.00%
2022,9,C473,MARKETING 358,0.00%
2022,9,G008,MEGACABLE-MCM,0.39%
2022,9,C754,MEXFON,0.00%
2022,9,C737,MIIO,0.00%
2022,9,C832,MO!NET,0.00%
2022,9,C818,MOBIG,0.00%
2022,9,C751,NEWWW,0.31%
2022,9,C465,R&R NEGOCIOS ALTERNOS,0.00%
2022,9,C807,RED DOG,0.00%
2022,9,C646,REDPHONE,0.00%
2022,9,C753,ROCKETEL,0.10%
2022,9,C485,SERVITRON,0.01%
2022,9,G003,TELEFÓNICA,8.48%
2022,9,C080,TELMOVIL,0.10%
2022,9,C775,VASANTA,0.01%
2022,9,C629,VIRGIN MOBILE,0.64%
2022,9,C656,WEEX,0.05%
2022,9,C758,WIMOTELECOM,0.00%
2022,9,C747,YOBI TELECOM,0.09%
2022,10,C746,ADDINTELI,0.00%
2022,10,C516,AFCAZA,0.00%
2022,10,C020,ALESTRA,0.00%
2022,10,G006,AMÉRICA MÓVIL,66.56%
2022,10,G007,AT&T,17.02%
2022,10,C805,AXIOS MOBILE,0.00%
2022,10,C647,BENELEIT MOVIL,0.11%
2022,10,C511,BROMOVIL,0.00%
2022,10,C644,BUENO CELL,0.02%
2022,10,C806,CELFI,0.00%
2022,10,C866,COMERCIALIZADORA ROMEL,0.00%
2022,10,C816,CONECTA2,0.01%
2022,10,C083,DALE FON,0.00%
2022,10,C756,DIRI MOVIL,0.13%
2022,10,C704,FLASH MOBILE,0.14%
2022,10,C709,FREEDOMPOP,1.22%
2022,10,C794,GAMERS,0.00%
2022,10,C584,GRUPO SALINAS,0.68%
2022,10,G004,GRUPO TELEVISA,0.00%
2022,10,C804,GRUPO WALMART,4.02%
2022,10,C732,GURUCOMM,0.00%
2022,10,C717,IENTC,0.00%
2022,10,C473,MARKETING 358,0.00%
2022,10,G008,MEGACABLE-MCM,0.38%
2022,10,C754,MEXFON,0.00%
2022,10,C737,MIIO,0.00%
2022,10,C832,MO!NET,0.00%
2022,10,C818,MOBIG,0.00%
2022,10,C729,NETWEY,0.01%
2022,10,C751,NEWWW,0.31%
2022,10,C770,PLINTRON,0.00%
2022,10,C465,R&R NEGOCIOS ALTERNOS,0.00%
2022,10,C807,RED DOG,0.00%
2022,10,C646,REDPHONE,0.00%
2022,10,C753,ROCKETEL,0.12%
2022,10,C485,SERVITRON,0.01%
2022,10,G003,TELEFÓNICA,8.41%
2022,10,C080,TELMOVIL,0.02%
2022,10,C775,VASANTA,0.01%
2022,10,C629,VIRGIN MOBILE,0.65%
2022,10,C656,WEEX,0.04%
2022,10,C758,WIMOTELECOM,0.00%
2022,10,C747,YOBI TELECOM,0.09%
2022,11,C746,ADDINTELI,0.00%
2022,11,C516,AFCAZA,0.00%
2022,11,C020,ALESTRA,0.00%
2022,11,G006,AMÉRICA MÓVIL,66.13%
2022,11,G007,AT&T,17.16%
2022,11,C805,AXIOS MOBILE,0.00%
2022,11,C647,BENELEIT MOVIL,0.11%
2022,11,C511,BROMOVIL,0.00%
2022,11,C644,BUENO CELL,0.02%
2022,11,C806,CELFI,0.00%
2022,11,C866,COMERCIALIZADORA ROMEL,0.00%
2022,11,C816,CONECTA2,0.01%
2022,11,C083,DALE FON,0.00%
2022,11,C756,DIRI MOVIL,0.14%
2022,11,C704,FLASH MOBILE,0.14%
2022,11,C709,FREEDOMPOP,1.24%
2022,11,C794,GAMERS,0.00%
2022,11,C584,GRUPO SALINAS,0.69%
2022,11,G004,GRUPO TELEVISA,0.00%
2022,11,C804,GRUPO WALMART,4.34%
2022,11,C732,GURUCOMM,0.00%
2022,11,C717,IENTC,0.00%
2022,11,C473,MARKETING 358,0.00%
2022,11,G008,MEGACABLE-MCM,0.36%
2022,11,C754,MEXFON,0.00%
2022,11,C737,MIIO,0.00%
2022,11,C832,MO!NET,0.00%
2022,11,C818,MOBIG,0.01%
2022,11,C729,NETWEY,0.01%
2022,11,C751,NEWWW,0.32%
2022,11,C770,PLINTRON,0.00%
2022,11,C465,R&R NEGOCIOS ALTERNOS,0.00%
2022,11,C807,RED DOG,0.00%
2022,11,C646,REDPHONE,0.00%
2022,11,C753,ROCKETEL,0.11%
2022,11,C485,SERVITRON,0.01%
2022,11,G003,TELEFÓNICA,8.34%
2022,11,C080,TELMOVIL,0.02%
2022,11,C775,VASANTA,0.01%
2022,11,C629,VIRGIN MOBILE,0.67%
2022,11,C656,WEEX,0.04%
2022,11,C758,WIMOTELECOM,0.00%
2022,11,C747,YOBI TELECOM,0.09%
2022,12,C746,ADDINTELI,0.00%
2022,12,C516,AFCAZA,0.00%
2022,12,C020,ALESTRA,0.00%
2022,12,G006,AMÉRICA MÓVIL,65.93%
2022,12,G007,AT&T,17.13%
2022,12,C805,AXIOS MOBILE,0.00%
2022,12,C647,BENELEIT MOVIL,0.11%
2022,12,C511,BROMOVIL,0.00%
2022,12,C644,BUENO CELL,0.02%
2022,12,C806,CELFI,0.00%
2022,12,C866,COMERCIALIZADORA ROMEL,0.00%
2022,12,C816,CONECTA2,0.01%
2022,12,C083,DALE FON,0.01%
2022,12,C756,DIRI MOVIL,0.15%
2022,12,C704,FLASH MOBILE,0.14%
2022,12,C709,FREEDOMPOP,1.24%
2022,12,C794,GAMERS,0.00%
2022,12,C584,GRUPO SALINAS,0.64%
2022,12,G004,GRUPO TELEVISA,0.00%
2022,12,C804,GRUPO WALMART,4.68%
2022,12,C732,GURUCOMM,0.00%
2022,12,C717,IENTC,0.00%
2022,12,C473,MARKETING 358,0.00%
2022,12,G008,MEGACABLE-MCM,0.34%
2022,12,C754,MEXFON,0.00%
2022,12,C737,MIIO,0.00%
2022,12,C832,MO!NET,0.00%
2022,12,C818,MOBIG,0.01%
2022,12,C729,NETWEY,0.01%
2022,12,C751,NEWWW,0.32%
2022,12,C770,PLINTRON,0.00%
2022,12,C465,R&R NEGOCIOS ALTERNOS,0.00%
2022,12,C807,RED DOG,0.00%
2022,12,C646,REDPHONE,0.00%
2022,12,C753,ROCKETEL,0.10%
2022,12,C485,SERVITRON,0.01%
2022,12,G003,TELEFÓNICA,8.28%
2022,12,C080,TELMOVIL,0.02%
2022,12,C775,VASANTA,0.01%
2022,12,C629,VIRGIN MOBILE,0.68%
2022,12,C656,WEEX,0.04%
2022,12,C758,WIMOTELECOM,0.00%
2022,12,C747,YOBI TELECOM,0.09%
2023,1,C746,ADDINTELI,0.00%
2023,1,C020,ALESTRA,0.00%
2023,1,G006,AMÉRICA MÓVIL,65.46%
2023,1,G007,AT&T,17.33%
2023,1,C647,BENELEIT MOVIL,0.01%
2023,1,C511,BROMOVIL,0.01%
2023,1,C644,BUENO CELL,0.02%
2023,1,C806,CELFI,0.00%
2023,1,C816,CONECTA2,0.01%
2023,1,C879,COOL MOBILE,0.00%
2023,1,C083,DALE FON,0.00%
2023,1,C756,DIRI MOVIL,0.16%
2023,1,C730,EDILAR,0.05%
2023,1,C704,FLASH MOBILE,0.14%
2023,1,C709,FREEDOMPOP,1.29%
2023,1,C794,GAMERS,0.00%
2023,1,C584,GRUPO SALINAS,0.65%
2023,1,G004,GRUPO TELEVISA,0.21%
2023,1,C804,GRUPO WALMART,4.68%
2023,1,C732,GURUCOMM,0.00%
2023,1,C473,MARKETING 358,0.00%
2023,1,G008,MEGACABLE-MCM,0.32%
2023,1,C754,MEXFON,0.00%
2023,1,C737,MIIO,0.00%
2023,1,C818,MOBIG,0.01%
2023,1,C729,NETWEY,0.01%
2023,1,C751,NEWWW,0.33%
2023,1,C770,PLINTRON,0.00%
2023,1,C465,R&R NEGOCIOS ALTERNOS,0.00%
2023,1,C807,RED DOG,0.00%
2023,1,C646,REDPHONE,0.00%
2023,1,C753,ROCKETEL,0.10%
2023,1,C485,SERVITRON,0.01%
2023,1,G003,TELEFÓNICA,8.28%
2023,1,C080,TELMOVIL,0.02%
2023,1,C775,VASANTA,0.01%
2023,1,C629,VIRGIN MOBILE,0.72%
2023,1,C656,WEEX,0.05%
2023,1,C758,WIMOTELECOM,0.03%
2023,1,C747,YOBI TELECOM,0.09%
2023,2,C746,ADDINTELI,0.01%
2023,2,C020,ALESTRA,0.00%
2023,2,G006,AMÉRICA MÓVIL,65.19%
2023,2,G007,AT&T,17.41%
2023,2,C647,BENELEIT MOVIL,0.02%
2023,2,C511,BROMOVIL,0.01%
2023,2,C644,BUENO CELL,0.02%
2023,2,C806,CELFI,0.00%
2023,2,C816,CONECTA2,0.01%
2023,2,C879,COOL MOBILE,0.00%
2023,2,C083,DALE FON,0.00%
2023,2,C756,DIRI MOVIL,0.15%
2023,2,C730,EDILAR,0.05%
2023,2,C704,FLASH MOBILE,0.14%
2023,2,C709,FREEDOMPOP,1.35%
2023,2,C794,GAMERS,0.00%
2023,2,C584,GRUPO SALINAS,0.64%
2023,2,G004,GRUPO TELEVISA,0.22%
2023,2,C804,GRUPO WALMART,4.89%
2023,2,C732,GURUCOMM,0.00%
2023,2,C473,MARKETING 358,0.00%
2023,2,G008,MEGACABLE-MCM,0.33%
2023,2,C754,MEXFON,0.00%
2023,2,C737,MIIO,0.00%
2023,2,C818,MOBIG,0.01%
2023,2,C729,NETWEY,0.01%
2023,2,C751,NEWWW,0.34%
2023,2,C770,PLINTRON,0.00%
2023,2,C465,R&R NEGOCIOS ALTERNOS,0.00%
2023,2,C807,RED DOG,0.00%
2023,2,C646,REDPHONE,0.00%
2023,2,C753,ROCKETEL,0.09%
2023,2,C485,SERVITRON,0.01%
2023,2,G003,TELEFÓNICA,8.18%
2023,2,C080,TELMOVIL,0.03%
2023,2,C775,VASANTA,0.01%
2023,2,C629,VIRGIN MOBILE,0.74%
2023,2,C656,WEEX,0.04%
2023,2,C758,WIMOTELECOM,0.02%
2023,2,C747,YOBI TELECOM,0.09%
2023,3,C746,ADDINTELI,0.01%
2023,3,C020,ALESTRA,0.00%
2023,3,G006,AMÉRICA MÓVIL,65.25%
2023,3,G007,AT&T,17.14%
2023,3,C647,BENELEIT MOVIL,0.02%
2023,3,C511,BROMOVIL,0.01%
2023,3,C644,BUENO CELL,0.02%
2023,3,C806,CELFI,0.00%
2023,3,C816,CONECTA2,0.01%
2023,3,C879,COOL MOBILE,0.00%
2023,3,C083,DALE FON,0.00%
2023,3,C756,DIRI MOVIL,0.16%
2023,3,C730,EDILAR,0.05%
2023,3,C704,FLASH MOBILE,0.14%
2023,3,C709,FREEDOMPOP,1.29%
2023,3,C794,GAMERS,0.00%
2023,3,C584,GRUPO SALINAS,0.64%
2023,3,G004,GRUPO TELEVISA,0.22%
2023,3,C804,GRUPO WALMART,5.16%
2023,3,C732,GURUCOMM,0.00%
2023,3,C473,MARKETING 358,0.00%
2023,3,G008,MEGACABLE-MCM,0.33%
2023,3,C754,MEXFON,0.00%
2023,3,C737,MIIO,0.00%
2023,3,C818,MOBIG,0.01%
2023,3,C729,NETWEY,0.01%
2023,3,C751,NEWWW,0.34%
2023,3,C770,PLINTRON,0.00%
2023,3,C465,R&R NEGOCIOS ALTERNOS,0.00%
2023,3,C807,RED DOG,0.00%
2023,3,C646,REDPHONE,0.00%
2023,3,C753,ROCKETEL,0.10%
2023,3,C485,SERVITRON,0.01%
2023,3,G003,TELEFÓNICA,8.16%
2023,3,C080,TELMOVIL,0.01%
2023,3,C775,VASANTA,0.01%
2023,3,C629,VIRGIN MOBILE,0.75%
2023,3,C656,WEEX,0.04%
2023,3,C758,WIMOTELECOM,0.02%
2023,3,C747,YOBI TELECOM,0.09%
2023,4,C746,ADDINTELI,0.01%
2023,4,C020,ALESTRA,0.00%
2023,4,G006,AMÉRICA MÓVIL,65.39%
2023,4,G007,AT&T,17.45%
2023,4,C647,BENELEIT MOVIL,0.02%
2023,4,C511,BROMOVIL,0.01%
2023,4,C644,BUENO CELL,0.02%
2023,4,C806,CELFI,0.00%
2023,4,C866,COMERCIALIZADORA ROMEL,0.00%
2023,4,C816,CONECTA2,0.01%
2023,4,C879,COOL MOBILE,0.00%
2023,4,C590,COSMOCABLE,0.00%
2023,4,C083,DALE FON,0.00%
2023,4,C756,DIRI MOVIL,0.16%
2023,4,C730,EDILAR,0.02%
2023,4,C704,FLASH MOBILE,0.14%
2023,4,C709,FREEDOMPOP,1.34%
2023,4,C794,GAMERS,0.00%
2023,4,C584,GRUPO SALINAS,0.64%
2023,4,G004,GRUPO TELEVISA,0.23%
2023,4,C804,GRUPO WALMART,4.70%
2023,4,C732,GURUCOMM,0.00%
2023,4,C473,MARKETING 358,0.00%
2023,4,G008,MEGACABLE-MCM,0.32%
2023,4,C754,MEXFON,0.00%
2023,4,C737,MIIO,0.00%
2023,4,C818,MOBIG,0.01%
2023,4,C729,NETWEY,0.01%
2023,4,C751,NEWWW,0.35%
2023,4,C465,R&R NEGOCIOS ALTERNOS,0.00%
2023,4,C807,RED DOG,0.00%
2023,4,C646,REDPHONE,0.00%
2023,4,C753,ROCKETEL,0.10%
2023,4,C485,SERVITRON,0.01%
2023,4,G003,TELEFÓNICA,8.18%
2023,4,C080,TELMOVIL,0.01%
2023,4,C775,VASANTA,0.01%
2023,4,C629,VIRGIN MOBILE,0.74%
2023,4,C758,WIMOTELECOM,0.02%
2023,4,C747,YOBI TELECOM,0.10%
2023,5,C746,ADDINTELI,0.01%
2023,5,C020,ALESTRA,0.00%
2023,5,G006,AMÉRICA MÓVIL,65.29%
2023,5,G007,AT&T,17.35%
2023,5,C647,BENELEIT MOVIL,0.02%
2023,5,C511,BROMOVIL,0.01%
2023,5,C644,BUENO CELL,0.02%
2023,5,C806,CELFI,0.00%
2023,5,C866,COMERCIALIZADORA ROMEL,0.00%
2023,5,C816,CONECTA2,0.01%
2023,5,C879,COOL MOBILE,0.00%
2023,5,C590,COSMOCABLE,0.00%
2023,5,C083,DALE FON,0.00%
2023,5,C756,DIRI MOVIL,0.18%
2023,5,C730,EDILAR,0.01%
2023,5,C704,FLASH MOBILE,0.14%
2023,5,C709,FREEDOMPOP,1.38%
2023,5,C794,GAMERS,0.00%
2023,5,C584,GRUPO SALINAS,0.64%
2023,5,G004,GRUPO TELEVISA,0.23%
2023,5,C804,GRUPO WALMART,4.85%
2023,5,C732,GURUCOMM,0.00%
2023,5,C473,MARKETING 358,0.00%
2023,5,G008,MEGACABLE-MCM,0.32%
2023,5,C754,MEXFON,0.00%
2023,5,C737,MIIO,0.00%
2023,5,C818,MOBIG,0.01%
2023,5,C729,NETWEY,0.01%
2023,5,C751,NEWWW,0.35%
2023,5,C465,R&R NEGOCIOS ALTERNOS,0.00%
2023,5,C807,RED DOG,0.00%
2023,5,C646,REDPHONE,0.00%
2023,5,C753,ROCKETEL,0.10%
2023,5,C485,SERVITRON,0.01%
2023,5,G003,TELEFÓNICA,8.14%
2023,5,C080,TELMOVIL,0.01%
2023,5,C775,VASANTA,0.01%
2023,5,C629,VIRGIN MOBILE,0.78%
2023,5,C758,WIMOTELECOM,0.02%
2023,5,C747,YOBI TELECOM,0.10%
2023,6,C746,ADDINTELI,0.01%
2023,6,C020,ALESTRA,0.00%
2023,6,G006,AMÉRICA MÓVIL,65.08%
2023,6,G007,AT&T,17.25%
2023,6,C647,BENELEIT MOVIL,0.02%
2023,6,C511,BROMOVIL,0.01%
2023,6,C644,BUENO CELL,0.02%
2023,6,C806,CELFI,0.00%
2023,6,C866,COMERCIALIZADORA ROMEL,0.00%
2023,6,C816,CONECTA2,0.01%
2023,6,C879,COOL MOBILE,0.00%
2023,6,C590,COSMOCABLE,0.00%
2023,6,C083,DALE FON,0.00%
2023,6,C756,DIRI MOVIL,0.18%
2023,6,C730,EDILAR,0.00%
2023,6,C704,FLASH MOBILE,0.14%
2023,6,C709,FREEDOMPOP,1.43%
2023,6,C794,GAMERS,0.00%
2023,6,C070,GRUPO BALESIA,0.00%
2023,6,C584,GRUPO SALINAS,0.64%
2023,6,G004,GRUPO TELEVISA,0.24%
2023,6,C804,GRUPO WALMART,5.15%
2023,6,C732,GURUCOMM,0.00%
2023,6,C473,MARKETING 358,0.00%
2023,6,G008,MEGACABLE-MCM,0.32%
2023,6,C754,MEXFON,0.00%
2023,6,C737,MIIO,0.00%
2023,6,C818,MOBIG,0.01%
2023,6,C729,NETWEY,0.01%
2023,6,C751,NEWWW,0.36%
2023,6,C465,R&R NEGOCIOS ALTERNOS,0.00%
2023,6,C807,RED DOG,0.00%
2023,6,C646,REDPHONE,0.01%
2023,6,C753,ROCKETEL,0.10%
2023,6,C485,SERVITRON,0.01%
2023,6,G003,TELEFÓNICA,8.06%
2023,6,C080,TELMOVIL,0.01%
2023,6,C775,VASANTA,0.01%
2023,6,C629,VIRGIN MOBILE,0.80%
2023,6,C758,WIMOTELECOM,0.02%
2023,6,C747,YOBI TELECOM,0.10%
2023,7,C746,ADDINTELI,0.01%
2023,7,C020,ALESTRA,0.00%
2023,7,G006,AMÉRICA MÓVIL,65.32%
2023,7,G007,AT&T,17.13%
2023,7,C647,BENELEIT MOVIL,0.02%
2023,7,C511,BROMOVIL,0.01%
2023,7,C644,BUENO CELL,0.02%
2023,7,C806,CELFI,0.00%
2023,7,C866,COMERCIALIZADORA ROMEL,0.00%
2023,7,C816,CONECTA2,0.01%
2023,7,C879,COOL MOBILE,0.00%
2023,7,C590,COSMOCABLE,0.00%
2023,7,C083,DALE FON,0.00%
2023,7,C756,DIRI MOVIL,0.16%
2023,7,C730,EDILAR,0.06%
2023,7,C704,FLASH MOBILE,0.14%
2023,7,C709,FREEDOMPOP,1.47%
2023,7,C794,GAMERS,0.00%
2023,7,C070,GRUPO BALESIA,0.00%
2023,7,C584,GRUPO SALINAS,0.64%
2023,7,G004,GRUPO TELEVISA,0.24%
2023,7,C804,GRUPO WALMART,5.75%
2023,7,C732,GURUCOMM,0.00%
2023,7,G008,MEGACABLE-MCM,0.32%
2023,7,C754,MEXFON,0.00%
2023,7,C737,MIIO,0.00%
2023,7,C818,MOBIG,0.01%
2023,7,C729,NETWEY,0.01%
2023,7,C751,NEWWW,0.36%
2023,7,C465,R&R NEGOCIOS ALTERNOS,0.00%
2023,7,C807,RED DOG,0.00%
2023,7,C646,REDPHONE,0.01%
2023,7,C753,ROCKETEL,0.11%
2023,7,C485,SERVITRON,0.01%
2023,7,G003,TELEFÓNICA,8.02%
2023,7,C080,TELMOVIL,0.01%
2023,7,C113,TU VISION TELE-CABLE,0.01%
2023,7,C775,VASANTA,0.01%
2023,7,C656,WEEX,0.04%
2023,7,C758,WIMOTELECOM,0.00%
2023,7,C747,YOBI TELECOM,0.10%
2023,8,C746,ADDINTELI,0.01%
2023,8,C020,ALESTRA,0.00%
2023,8,G006,AMÉRICA MÓVIL,65.11%
2023,8,G007,AT&T,17.01%
2023,8,C647,BENELEIT MOVIL,0.02%
2023,8,C511,BROMOVIL,0.01%
2023,8,C644,BUENO CELL,0.02%
2023,8,C806,CELFI,0.00%
2023,8,C866,COMERCIALIZADORA ROMEL,0.00%
2023,8,C816,CONECTA2,0.01%
2023,8,C879,COOL MOBILE,0.00%
2023,8,C590,COSMOCABLE,0.00%
2023,8,C083,DALE FON,0.00%
2023,8,C756,DIRI MOVIL,0.17%
2023,8,C730,EDILAR,0.05%
2023,8,C704,FLASH MOBILE,0.14%
2023,8,C709,FREEDOMPOP,1.52%
2023,8,C794,GAMERS,0.00%
2023,8,C070,GRUPO BALESIA,0.00%
2023,8,C584,GRUPO SALINAS,0.64%
2023,8,G004,GRUPO TELEVISA,0.24%
2023,8,C804,GRUPO WALMART,6.10%
2023,8,C732,GURUCOMM,0.00%
2023,8,G008,MEGACABLE-MCM,0.33%
2023,8,C754,MEXFON,0.00%
2023,8,C737,MIIO,0.00%
2023,8,C818,MOBIG,0.01%
2023,8,C729,NETWEY,0.01%
2023,8,C751,NEWWW,0.37%
2023,8,C465,R&R NEGOCIOS ALTERNOS,0.00%
2023,8,C807,RED DOG,0.00%
2023,8,C646,REDPHONE,0.01%
2023,8,C753,ROCKETEL,0.11%
2023,8,C485,SERVITRON,0.01%
2023,8,G003,TELEFÓNICA,7.94%
2023,8,C080,TELMOVIL,0.01%
2023,8,C113,TU VISION TELE-CABLE,0.01%
2023,8,C775,VASANTA,0.01%
2023,8,C656,WEEX,0.04%
2023,8,C758,WIMOTELECOM,0.00%
2023,8,C747,YOBI TELECOM,0.10%
2023,9,C746,ADDINTELI,0.01%
2023,9,C020,ALESTRA,0.00%
2023,9,C863,ALISTEL,0.00%
2023,9,G006,AMÉRICA MÓVIL,64.79%
2023,9,G007,AT&T,16.94%
2023,9,C647,BENELEIT MOVIL,0.02%
2023,9,C511,BROMOVIL,0.01%
2023,9,C644,BUENO CELL,0.02%
2023,9,C806,CELFI,0.00%
2023,9,C866,COMERCIALIZADORA ROMEL,0.00%
2023,9,C816,CONECTA2,0.01%
2023,9,C879,COOL MOBILE,0.00%
2023,9,C590,COSMOCABLE,0.00%
2023,9,C083,DALE FON,0.00%
2023,9,C756,DIRI MOVIL,0.19%
2023,9,C730,EDILAR,0.05%
2023,9,C704,FLASH MOBILE,0.14%
2023,9,C709,FREEDOMPOP,1.58%
2023,9,C794,GAMERS,0.00%
2023,9,C070,GRUPO BALESIA,0.00%
2023,9,C584,GRUPO SALINAS,0.65%
2023,9,G004,GRUPO TELEVISA,0.24%
2023,9,C804,GRUPO WALMART,6.50%
2023,9,C732,GURUCOMM,0.00%
2023,9,G008,MEGACABLE-MCM,0.33%
2023,9,C754,MEXFON,0.00%
2023,9,C737,MIIO,0.00%
2023,9,C818,MOBIG,0.01%
2023,9,C729,NETWEY,0.01%
2023,9,C751,NEWWW,0.37%
2023,9,C465,R&R NEGOCIOS ALTERNOS,0.00%
2023,9,C807,RED DOG,0.00%
2023,9,C646,REDPHONE,0.02%
2023,9,C753,ROCKETEL,0.11%
2023,9,C485,SERVITRON,0.01%
2023,9,G003,TELEFÓNICA,7.83%
2023,9,C080,TELMOVIL,0.01%
2023,9,C113,TU VISION TELE-CABLE,0.02%
2023,9,C775,VASANTA,0.01%
2023,9,C656,WEEX,0.04%
2023,9,C758,WIMOTELECOM,0.00%
2023,9,C747,YOBI TELECOM,0.10%
2023,10,C746,ADDINTELI,0.01%
2023,10,C020,ALESTRA,0.00%
2023,10,C863,ALISTEL,0.00%
2023,10,G006,AMÉRICA MÓVIL,64.63%
2023,10,G007,AT&T,15.66%
2023,10,C647,BENELEIT MOVIL,0.02%
2023,10,C511,BROMOVIL,0.01%
2023,10,C644,BUENO CELL,0.02%
2023,10,C806,CELFI,0.00%
2023,10,C816,CONECTA2,0.01%
2023,10,C879,COOL MOBILE,0.00%
2023,10,C083,DALE FON,0.00%
2023,10,C756,DIRI MOVIL,0.16%
2023,10,C730,EDILAR,0.05%
2023,10,C704,FLASH MOBILE,0.13%
2023,10,C709,FREEDOMPOP,1.65%
2023,10,C794,GAMERS,0.00%
2023,10,C070,GRUPO BALESIA,0.00%
2023,10,C584,GRUPO SALINAS,0.65%
2023,10,G004,GRUPO TELEVISA,0.00%
2023,10,C804,GRUPO WALMART,7.36%
2023,10,C732,GURUCOMM,0.00%
2023,10,C717,IENTC,0.01%
2023,10,C473,MARKETING 358,0.00%
2023,10,G008,MEGACABLE-MCM,0.34%
2023,10,C754,MEXFON,0.00%
2023,10,C737,MIIO,0.00%
2023,10,C818,MOBIG,0.01%
2023,10,C132,MOVIL PARA TODOS,0.00%
2023,10,C751,NEWWW,0.38%
2023,10,C465,R&R NEGOCIOS ALTERNOS,0.00%
2023,10,C807,RED DOG,0.00%
2023,10,C646,REDPHONE,0.02%
2023,10,C753,ROCKETEL,0.12%
2023,10,C485,SERVITRON,0.01%
2023,10,G003,TELEFÓNICA,7.83%
2023,10,C080,TELMOVIL,0.01%
2023,10,C113,TU VISION TELE-CABLE,0.02%
2023,10,C629,VIRGIN MOBILE,0.74%
2023,10,C656,WEEX,0.04%
2023,10,C758,WIMOTELECOM,0.02%
2023,10,C747,YOBI TELECOM,0.10%
2023,11,C746,ADDINTELI,0.01%
2023,11,C020,ALESTRA,0.00%
2023,11,C863,ALISTEL,0.00%
2023,11,G006,AMÉRICA MÓVIL,63.94%
2023,11,G007,AT&T,15.42%
2023,11,C647,BENELEIT MOVIL,0.01%
2023,11,C511,BROMOVIL,0.01%
2023,11,C644,BUENO CELL,0.02%
2023,11,C806,CELFI,0.00%
2023,11,C866,COMERCIALIZADORA ROMEL,0.00%
2023,11,C816,CONECTA2,0.01%
2023,11,C879,COOL MOBILE,0.00%
2023,11,C083,DALE FON,0.00%
2023,11,C756,DIRI MOVIL,0.17%
2023,11,C730,EDILAR,0.05%
2023,11,C704,FLASH MOBILE,0.13%
2023,11,C709,FREEDOMPOP,1.67%
2023,11,C794,GAMERS,0.00%
2023,11,C070,GRUPO BALESIA,0.00%
2023,11,C584,GRUPO SALINAS,0.66%
2023,11,G004,GRUPO TELEVISA,0.00%
2023,11,C804,GRUPO WALMART,8.42%
2023,11,C732,GURUCOMM,0.00%
2023,11,C717,IENTC,0.01%
2023,11,C473,MARKETING 358,0.00%
2023,11,G008,MEGACABLE-MCM,0.34%
2023,11,C754,MEXFON,0.00%
2023,11,C737,MIIO,0.00%
2023,11,C818,MOBIG,0.01%
2023,11,C132,MOVIL PARA TODOS,0.00%
2023,11,C751,NEWWW,0.38%
2023,11,C465,R&R NEGOCIOS ALTERNOS,0.00%
2023,11,C807,RED DOG,0.00%
2023,11,C646,REDPHONE,0.02%
2023,11,C753,ROCKETEL,0.11%
2023,11,C485,SERVITRON,0.01%
2023,11,G003,TELEFÓNICA,7.66%
2023,11,C080,TELMOVIL,0.01%
2023,11,C113,TU VISION TELE-CABLE,0.02%
2023,11,C629,VIRGIN MOBILE,0.73%
2023,11,C656,WEEX,0.04%
2023,11,C758,WIMOTELECOM,0.03%
2023,11,C747,YOBI TELECOM,0.11%
2023,12,C746,ADDINTELI,0.01%
2023,12,C020,ALESTRA,0.00%
2023,12,C863,ALISTEL,0.00%
2023,12,G006,AMÉRICA MÓVIL,63.66%
2023,12,G007,AT&T,14.59%
2023,12,C647,BENELEIT MOVIL,0.01%
2023,12,C511,BROMOVIL,0.02%
2023,12,C644,BUENO CELL,0.02%
2023,12,C806,CELFI,0.00%
2023,12,C816,CONECTA2,0.01%
2023,12,C879,COOL MOBILE,0.00%
2023,12,C083,DALE FON,0.00%
2023,12,C756,DIRI MOVIL,0.19%
2023,12,C730,EDILAR,0.05%
2023,12,C704,FLASH MOBILE,0.13%
2023,12,C709,FREEDOMPOP,1.72%
2023,12,C794,GAMERS,0.00%
2023,12,C070,GRUPO BALESIA,0.00%
2023,12,C584,GRUPO SALINAS,0.65%
2023,12,G004,GRUPO TELEVISA,0.00%
2023,12,C804,GRUPO WALMART,9.44%
2023,12,C732,GURUCOMM,0.00%
2023,12,C717,IENTC,0.01%
2023,12,C473,MARKETING 358,0.00%
2023,12,G008,MEGACABLE-MCM,0.34%
2023,12,C754,MEXFON,0.00%
2023,12,C737,MIIO,0.00%
2023,12,C818,MOBIG,0.01%
2023,12,C132,MOVIL PARA TODOS,0.00%
2023,12,C751,NEWWW,0.39%
2023,12,C465,R&R NEGOCIOS ALTERNOS,0.00%
2023,12,C807,RED DOG,0.00%
2023,12,C646,REDPHONE,0.02%
2023,12,C753,ROCKETEL,0.11%
2023,12,C485,SERVITRON,0.01%
2023,12,G003,TELEFÓNICA,7.64%
2023,12,C080,TELMOVIL,0.01%
2023,12,C113,TU VISION TELE-CABLE,0.02%
2023,12,C629,VIRGIN MOBILE,0.75%
2023,12,C656,WEEX,0.04%
2023,12,C758,WIMOTELECOM,0.03%
2023,12,C747,YOBI TELECOM,0.11%
2024,1,C020,ALESTRA,0.00%
2024,1,G006,AMÉRICA MÓVIL,63.01%
2024,1,G007,AT&T,15.04%
2024,1,C805,AXIOS MOBILE,0.01%
2024,1,C647,BENELEIT MOVIL,0.01%
2024,1,C551,BIEN CEL,0.00%
2024,1,C511,BROMOVIL,0.02%
2024,1,C644,BUENO CELL,0.02%
2024,1,C806,CELFI,0.00%
2024,1,C816,CONECTA2,0.00%
2024,1,G253,COPPEL,0.00%
2024,1,C590,COSMOCABLE,0.00%
2024,1,C756,DIRI MOVIL,0.18%
2024,1,C730,EDILAR,0.05%
2024,1,C704,FLASH MOBILE,0.13%
2024,1,C709,FREEDOMPOP,1.65%
2024,1,C794,GAMERS,0.00%
2024,1,C070,GRUPO BALESIA,0.00%
2024,1,C584,GRUPO SALINAS,0.65%
2024,1,G004,GRUPO TELEVISA,0.01%
2024,1,C804,GRUPO WALMART,9.77%
2024,1,C732,GURUCOMM,0.00%
2024,1,C717,IENTC,0.01%
2024,1,C473,MARKETING 358,0.00%
2024,1,G008,MEGACABLE-MCM,0.34%
2024,1,C754,MEXFON,0.00%
2024,1,C737,MIIO,0.00%
2024,1,C818,MOBIG,0.00%
2024,1,C729,NETWEY,0.01%
2024,1,C751,NEWWW,0.40%
2024,1,C465,R&R NEGOCIOS ALTERNOS,0.00%
2024,1,C807,RED DOG,0.00%
2024,1,C646,REDPHONE,0.02%
2024,1,C753,ROCKETEL,0.11%
2024,1,C485,SERVITRON,0.01%
2024,1,G003,TELEFÓNICA,7.60%
2024,1,C080,TELMOVIL,0.01%
2024,1,C775,VASANTA,0.01%
2024,1,C629,VIRGIN MOBILE,0.75%
2024,1,C656,WEEX,0.04%
2024,1,C758,WIMOTELECOM,0.03%
2024,1,C747,YOBI TELECOM,0.11%
2024,2,C020,ALESTRA,0.00%
2024,2,G006,AMÉRICA MÓVIL,62.92%
2024,2,G007,AT&T,14.87%
2024,2,C805,AXIOS MOBILE,0.01%
2024,2,C647,BENELEIT MOVIL,0.01%
2024,2,C551,BIEN CEL,0.00%
2024,2,C511,BROMOVIL,0.02%
2024,2,C644,BUENO CELL,0.02%
2024,2,C806,CELFI,0.00%
2024,2,C816,CONECTA2,0.00%
2024,2,G253,COPPEL,0.00%
2024,2,C590,COSMOCABLE,0.00%
2024,2,C756,DIRI MOVIL,0.16%
2024,2,C730,EDILAR,0.05%
2024,2,C704,FLASH MOBILE,0.13%
2024,2,C709,FREEDOMPOP,1.61%
2024,2,C794,GAMERS,0.00%
2024,2,C070,GRUPO BALESIA,0.00%
2024,2,C584,GRUPO SALINAS,0.65%
2024,2,G004,GRUPO TELEVISA,0.00%
2024,2,C804,GRUPO WALMART,10.11%
2024,2,C732,GURUCOMM,0.00%
2024,2,C717,IENTC,0.01%
2024,2,C473,MARKETING 358,0.00%
2024,2,G008,MEGACABLE-MCM,0.35%
2024,2,C754,MEXFON,0.00%
2024,2,C737,MIIO,0.00%
2024,2,C818,MOBIG,0.00%
2024,2,C729,NETWEY,0.02%
2024,2,C751,NEWWW,0.41%
2024,2,C465,R&R NEGOCIOS ALTERNOS,0.00%
2024,2,C807,RED DOG,0.00%
2024,2,C646,REDPHONE,0.02%
2024,2,C753,ROCKETEL,0.11%
2024,2,C485,SERVITRON,0.01%
2024,2,G003,TELEFÓNICA,7.55%
2024,2,C080,TELMOVIL,0.02%
2024,2,C775,VASANTA,0.01%
2024,2,C629,VIRGIN MOBILE,0.75%
2024,2,C656,WEEX,0.04%
2024,2,C758,WIMOTELECOM,0.03%
2024,2,C747,YOBI TELECOM,0.11%
2024,3,C020,ALESTRA,0.00%
2024,3,G006,AMÉRICA MÓVIL,62.41%
2024,3,G007,AT&T,15.12%
2024,3,C805,AXIOS MOBILE,0.01%
2024,3,C647,BENELEIT MOVIL,0.01%
2024,3,C551,BIEN CEL,0.00%
2024,3,C511,BROMOVIL,0.02%
2024,3,C644,BUENO CELL,0.02%
2024,3,C806,CELFI,0.00%
2024,3,C816,CONECTA2,0.00%
2024,3,G253,COPPEL,0.00%
2024,3,C590,COSMOCABLE,0.00%
2024,3,C756,DIRI MOVIL,0.15%
2024,3,C730,EDILAR,0.05%
2024,3,C704,FLASH MOBILE,0.13%
2024,3,C709,FREEDOMPOP,1.57%
2024,3,C794,GAMERS,0.00%
2024,3,C070,GRUPO BALESIA,0.00%
2024,3,C584,GRUPO SALINAS,0.65%
2024,3,G004,GRUPO TELEVISA,0.00%
2024,3,C804,GRUPO WALMART,10.41%
2024,3,C732,GURUCOMM,0.00%
2024,3,C717,IENTC,0.01%
2024,3,C473,MARKETING 358,0.00%
2024,3,G008,MEGACABLE-MCM,0.36%
2024,3,C754,MEXFON,0.00%
2024,3,C737,MIIO,0.00%
2024,3,C818,MOBIG,0.00%
2024,3,C729,NETWEY,0.02%
2024,3,C751,NEWWW,0.42%
2024,3,C465,R&R NEGOCIOS ALTERNOS,0.00%
2024,3,C807,RED DOG,0.00%
2024,3,C646,REDPHONE,0.02%
2024,3,C753,ROCKETEL,0.11%
2024,3,C485,SERVITRON,0.00%
2024,3,G003,TELEFÓNICA,7.50%
2024,3,C080,TELMOVIL,0.02%
2024,3,C775,VASANTA,0.01%
2024,3,C629,VIRGIN MOBILE,0.79%
2024,3,C656,WEEX,0.04%
2024,3,C758,WIMOTELECOM,0.02%
2024,3,C984,YO SOY BIENESTAR,0.00%
2024,3,C747,YOBI TELECOM,0.10%
2024,4,G006,AMÉRICA MÓVIL,62.27%
2024,4,G007,AT&T,15.06%
2024,4,C805,AXIOS MOBILE,0.01%
2024,4,C647,BENELEIT MOVIL,0.01%
2024,4,C551,BIEN CEL,0.00%
2024,4,C511,BROMOVIL,0.01%
2024,4,C644,BUENO CELL,0.02%
2024,4,C806,CELFI,0.00%
2024,4,C816,CONECTA2,0.00%
2024,4,G253,COPPEL,0.00%
2024,4,C590,COSMOCABLE,0.00%
2024,4,C730,EDILAR,0.06%
2024,4,C704,FLASH MOBILE,0.13%
2024,4,C709,FREEDOMPOP,1.62%
2024,4,C794,GAMERS,0.00%
2024,4,C584,GRUPO SALINAS,0.65%
2024,4,G004,GRUPO TELEVISA,0.25%
2024,4,C804,GRUPO WALMART,10.46%
2024,4,C732,GURUCOMM,0.00%
2024,4,C717,IENTC,0.01%
2024,4,C473,MARKETING 358,0.00%
2024,4,G008,MEGACABLE-MCM,0.35%
2024,4,C754,MEXFON,0.00%
2024,4,C737,MIIO,0.00%
2024,4,C818,MOBIG,0.00%
2024,4,C729,NETWEY,0.02%
2024,4,C751,NEWWW,0.43%
2024,4,C465,R&R NEGOCIOS ALTERNOS,0.00%
2024,4,C807,RED DOG,0.00%
2024,4,C646,REDPHONE,0.02%
2024,4,C753,ROCKETEL,0.11%
2024,4,C485,SERVITRON,0.00%
2024,4,G003,TELEFÓNICA,7.46%
2024,4,C080,TELMOVIL,0.03%
2024,4,C775,VASANTA,0.01%
2024,4,C629,VIRGIN MOBILE,0.86%
2024,4,C656,WEEX,0.04%
2024,4,C758,WIMOTELECOM,0.00%
2024,4,C984,YO SOY BIENESTAR,0.00%
2024,4,C747,YOBI TELECOM,0.11%
2024,5,G006,AMÉRICA MÓVIL,61.98%
2024,5,G007,AT&T,15.06%
2024,5,C805,AXIOS MOBILE,0.01%
2024,5,C647,BENELEIT MOVIL,0.01%
2024,5,C551,BIEN CEL,0.00%
2024,5,C511,BROMOVIL,0.01%
2024,5,C644,BUENO CELL,0.02%
2024,5,C806,CELFI,0.00%
2024,5,C816,CONECTA2,0.00%
2024,5,G253,COPPEL,0.00%
2024,5,C590,COSMOCABLE,0.00%
2024,5,C730,EDILAR,0.06%
2024,5,C704,FLASH MOBILE,0.13%
2024,5,C709,FREEDOMPOP,1.68%
2024,5,C794,GAMERS,0.00%
2024,5,C070,GRUPO BALESIA,0.00%
2024,5,C584,GRUPO SALINAS,0.65%
2024,5,G004,GRUPO TELEVISA,0.25%
2024,5,C804,GRUPO WALMART,10.57%
2024,5,C732,GURUCOMM,0.00%
2024,5,C717,IENTC,0.01%
2024,5,C473,MARKETING 358,0.00%
2024,5,G008,MEGACABLE-MCM,0.35%
2024,5,C754,MEXFON,0.00%
2024,5,C737,MIIO,0.00%
2024,5,C818,MOBIG,0.00%
2024,5,C729,NETWEY,0.01%
2024,5,C751,NEWWW,0.45%
2024,5,C465,R&R NEGOCIOS ALTERNOS,0.00%
2024,5,C807,RED DOG,0.00%
2024,5,C646,REDPHONE,0.02%
2024,5,C753,ROCKETEL,0.10%
2024,5,C485,SERVITRON,0.01%
2024,5,G003,TELEFÓNICA,7.42%
2024,5,C080,TELMOVIL,0.02%
2024,5,C775,VASANTA,0.01%
2024,5,C629,VIRGIN MOBILE,1.01%
2024,5,C656,WEEX,0.04%
2024,5,C758,WIMOTELECOM,0.00%
2024,5,C984,YO SOY BIENESTAR,0.00%
2024,5,C747,YOBI TELECOM,0.11%
2024,6,G006,AMÉRICA MÓVIL,62.03%
2024,6,G007,AT&T,15.06%
2024,6,C805,AXIOS MOBILE,0.01%
2024,6,C647,BENELEIT MOVIL,0.01%
2024,6,C551,BIEN CEL,0.00%
2024,6,C511,BROMOVIL,0.01%
2024,6,C644,BUENO CELL,0.02%
2024,6,C806,CELFI,0.00%
2024,6,C816,CONECTA2,0.00%
2024,6,G253,COPPEL,0.00%
2024,6,C590,COSMOCABLE,0.00%
2024,6,C730,EDILAR,0.06%
2024,6,C704,FLASH MOBILE,0.08%
2024,6,C709,FREEDOMPOP,1.62%
2024,6,C794,GAMERS,0.00%
2024,6,C584,GRUPO SALINAS,0.65%
2024,6,G004,GRUPO TELEVISA,0.25%
2024,6,C804,GRUPO WALMART,10.66%
2024,6,C732,GURUCOMM,0.00%
2024,6,C717,IENTC,0.01%
2024,6,C473,MARKETING 358,0.00%
2024,6,G008,MEGACABLE-MCM,0.36%
2024,6,C754,MEXFON,0.00%
2024,6,C737,MIIO,0.00%
2024,6,C818,MOBIG,0.00%
2024,6,C729,NETWEY,0.01%
2024,6,C751,NEWWW,0.46%
2024,6,C465,R&R NEGOCIOS ALTERNOS,0.00%
2024,6,C807,RED DOG,0.00%
2024,6,C646,REDPHONE,0.02%
2024,6,C753,ROCKETEL,0.10%
2024,6,C485,SERVITRON,0.01%
2024,6,G003,TELEFÓNICA,7.38%
2024,6,C080,TELMOVIL,0.03%
2024,6,C775,VASANTA,0.01%
2024,6,C629,VIRGIN MOBILE,0.99%
2024,6,C656,WEEX,0.04%
2024,6,C758,WIMOTELECOM,0.00%
2024,6,C984,YO SOY BIENESTAR,0.00%
2024,6,C747,YOBI TELECOM,0.11%
2024,7,C746,ADDINTELI,0.01%
2024,7,G006,AMÉRICA MÓVIL,61.79%
2024,7,G007,AT&T,15.21%
2024,7,C805,AXIOS MOBILE,0.01%
2024,7,C647,BENELEIT MOVIL,0.01%
2024,7,C551,BIEN CEL,0.00%
2024,7,C511,BROMOVIL,0.01%
2024,7,C644,BUENO CELL,0.02%
2024,7,C806,CELFI,0.00%
2024,7,C816,CONECTA2,0.00%
2024,7,G253,COPPEL,0.00%
2024,7,C590,COSMOCABLE,0.00%
2024,7,C756,DIRI MOVIL,0.14%
2024,7,C730,EDILAR,0.05%
2024,7,C704,FLASH MOBILE,0.07%
2024,7,C709,FREEDOMPOP,1.58%
2024,7,C794,GAMERS,0.00%
2024,7,C584,GRUPO SALINAS,0.66%
2024,7,G004,GRUPO TELEVISA,0.25%
2024,7,C804,GRUPO WALMART,10.66%
2024,7,C732,GURUCOMM,0.00%
2024,7,C717,IENTC,0.01%
2024,7,C473,MARKETING 358,0.00%
2024,7,G008,MEGACABLE-MCM,0.37%
2024,7,C737,MIIO,0.00%
2024,7,C818,MOBIG,0.00%
2024,7,C729,NETWEY,0.01%
2024,7,C751,NEWWW,0.47%
2024,7,C465,R&R NEGOCIOS ALTERNOS,0.00%
2024,7,C807,RED DOG,0.00%
2024,7,C646,REDPHONE,0.02%
2024,7,C753,ROCKETEL,0.09%
2024,7,C485,SERVITRON,0.01%
2024,7,G003,TELEFÓNICA,7.37%
2024,7,C080,TELMOVIL,0.03%
2024,7,C775,VASANTA,0.01%
2024,7,C629,VIRGIN MOBILE,0.95%
2024,7,C656,WEEX,0.04%
2024,7,C758,WIMOTELECOM,0.02%
2024,7,C984,YO SOY BIENESTAR,0.00%
2024,7,C747,YOBI TELECOM,0.11%
2024,8,C746,ADDINTELI,0.01%
2024,8,G006,AMÉRICA MÓVIL,61.64%
2024,8,G007,AT&T,15.34%
2024,8,C805,AXIOS MOBILE,0.01%
2024,8,C647,BENELEIT MOVIL,0.01%
2024,8,C551,BIEN CEL,0.00%
2024,8,C511,BROMOVIL,0.01%
2024,8,C644,BUENO CELL,0.02%
2024,8,C806,CELFI,0.00%
2024,8,C816,CONECTA2,0.00%
2024,8,G253,COPPEL,0.00%
2024,8,C590,COSMOCABLE,0.00%
2024,8,C756,DIRI MOVIL,0.14%
2024,8,C730,EDILAR,0.05%
2024,8,C704,FLASH MOBILE,0.06%
2024,8,C709,FREEDOMPOP,1.50%
2024,8,C794,GAMERS,0.00%
2024,8,C070,GRUPO BALESIA,0.00%
2024,8,C584,GRUPO SALINAS,0.66%
2024,8,G004,GRUPO TELEVISA,0.25%
2024,8,C804,GRUPO WALMART,11.03%
2024,8,C732,GURUCOMM,0.00%
2024,8,C717,IENTC,0.01%
2024,8,C473,MARKETING 358,0.00%
2024,8,G008,MEGACABLE-MCM,0.39%
2024,8,C737,MIIO,0.00%
2024,8,C818,MOBIG,0.00%
2024,8,C729,NETWEY,0.01%
2024,8,C751,NEWWW,0.48%
2024,8,C465,R&R NEGOCIOS ALTERNOS,0.00%
2024,8,C807,RED DOG,0.00%
2024,8,C646,REDPHONE,0.02%
2024,8,C753,ROCKETEL,0.09%
2024,8,C485,SERVITRON,0.01%
2024,8,G003,TELEFÓNICA,7.32%
2024,8,C080,TELMOVIL,0.03%
2024,8,C775,VASANTA,0.01%
2024,8,C629,VIRGIN MOBILE,0.72%
2024,8,C656,WEEX,0.04%
2024,8,C758,WIMOTELECOM,0.02%
2024,8,C984,YO SOY BIENESTAR,0.00%
2024,8,C747,YOBI TELECOM,0.11%
2024,9,C746,ADDINTELI,0.01%
2024,9,G006,AMÉRICA MÓVIL,61.23%
2024,9,G007,AT&T,15.27%
2024,9,C805,AXIOS MOBILE,0.00%
2024,9,C647,BENELEIT MOVIL,0.01%
2024,9,C551,BIEN CEL,0.00%
2024,9,C511,BROMOVIL,0.01%
2024,9,C644,BUENO CELL,0.02%
2024,9,C806,CELFI,0.00%
2024,9,C816,CONECTA2,0.00%
2024,9,G253,COPPEL,0.00%
2024,9,C590,COSMOCABLE,0.00%
2024,9,C756,DIRI MOVIL,0.15%
2024,9,C730,EDILAR,0.05%
2024,9,C704,FLASH MOBILE,0.06%
2024,9,C709,FREEDOMPOP,1.66%
2024,9,C794,GAMERS,0.00%
2024,9,C070,GRUPO BALESIA,0.00%
2024,9,C584,GRUPO SALINAS,0.66%
2024,9,G004,GRUPO TELEVISA,0.25%
2024,9,C804,GRUPO WALMART,11.44%
2024,9,C732,GURUCOMM,0.00%
2024,9,C717,IENTC,0.01%
2024,9,C473,MARKETING 358,0.00%
2024,9,G008,MEGACABLE-MCM,0.39%
2024,9,C737,MIIO,0.00%
2024,9,C818,MOBIG,0.00%
2024,9,C729,NETWEY,0.01%
2024,9,C751,NEWWW,0.49%
2024,9,C465,R&R NEGOCIOS ALTERNOS,0.00%
2024,9,C807,RED DOG,0.00%
2024,9,C646,REDPHONE,0.03%
2024,9,C753,ROCKETEL,0.10%
2024,9,C485,SERVITRON,0.01%
2024,9,G003,TELEFÓNICA,7.23%
2024,9,C080,TELMOVIL,0.03%
2024,9,C775,VASANTA,0.01%
2024,9,C629,VIRGIN MOBILE,0.70%
2024,9,C656,WEEX,0.04%
2024,9,C758,WIMOTELECOM,0.02%
2024,9,C984,YO SOY BIENESTAR,0.00%
2024,9,C747,YOBI TELECOM,0.11%
2024,10,C746,ADDINTELI,0.01%
2024,10,C020,ALESTRA,0.00%
2024,10,G006,AMÉRICA MÓVIL,60.84%
2024,10,G007,AT&T,15.43%
2024,10,C805,AXIOS MOBILE,0.01%
2024,10,C647,BENELEIT MOVIL,0.01%
2024,10,C551,BIEN CEL,0.00%
2024,10,C511,BROMOVIL,0.02%
2024,10,C644,BUENO CELL,0.02%
2024,10,C806,CELFI,0.00%
2024,10,C816,CONECTA2,0.00%
2024,10,G253,COPPEL,0.00%
2024,10,C590,COSMOCABLE,0.00%
2024,10,C730,EDILAR,0.05%
2024,10,C709,FREEDOMPOP,1.64%
2024,10,C794,GAMERS,0.00%
2024,10,C070,GRUPO BALESIA,0.00%
2024,10,C584,GRUPO SALINAS,0.60%
2024,10,G004,GRUPO TELEVISA,0.24%
2024,10,C804,GRUPO WALMART,12.05%
2024,10,C732,GURUCOMM,0.00%
2024,10,C717,IENTC,0.01%
2024,10,G008,MEGACABLE-MCM,0.40%
2024,10,C737,MIIO,0.00%
2024,10,C818,MOBIG,0.00%
2024,10,C729,NETWEY,0.01%
2024,10,C751,NEWWW,0.49%
2024,10,C465,R&R NEGOCIOS ALTERNOS,0.00%
2024,10,C807,RED DOG,0.00%
2024,10,C646,REDPHONE,0.02%
2024,10,C753,ROCKETEL,0.09%
2024,10,C485,SERVITRON,0.01%
2024,10,G003,TELEFÓNICA,7.16%
2024,10,C080,TELMOVIL,0.03%
2024,10,C775,VASANTA,0.01%
2024,10,C629,VIRGIN MOBILE,0.69%
2024,10,C656,WEEX,0.04%
2024,10,C758,WIMOTELECOM,0.00%
2024,10,C984,YO SOY BIENESTAR,0.00%
2024,10,C747,YOBI TELECOM,0.11%
2024,11,C746,ADDINTELI,0.01%
2024,11,C020,ALESTRA,0.00%
2024,11,G006,AMÉRICA MÓVIL,60.30%
2024,11,G007,AT&T,15.36%
2024,11,C805,AXIOS MOBILE,0.01%
2024,11,C647,BENELEIT MOVIL,0.01%
2024,11,C551,BIEN CEL,0.00%
2024,11,C511,BROMOVIL,0.01%
2024,11,C644,BUENO CELL,0.02%
2024,11,C806,CELFI,0.00%
2024,11,C816,CONECTA2,0.00%
2024,11,G253,COPPEL,0.01%
2024,11,C590,COSMOCABLE,0.00%
2024,11,C730,EDILAR,0.05%
2024,11,C709,FREEDOMPOP,1.58%
2024,11,C794,GAMERS,0.00%
2024,11,C070,GRUPO BALESIA,0.00%
2024,11,C584,GRUPO SALINAS,0.61%
2024,11,G004,GRUPO TELEVISA,0.25%
2024,11,C804,GRUPO WALMART,12.81%
2024,11,C732,GURUCOMM,0.00%
2024,11,C717,IENTC,0.02%
2024,11,G008,MEGACABLE-MCM,0.40%
2024,11,C737,MIIO,0.00%
2024,11,C818,MOBIG,0.00%
2024,11,C729,NETWEY,0.01%
2024,11,C751,NEWWW,0.50%
2024,11,C465,R&R NEGOCIOS ALTERNOS,0.00%
2024,11,C807,RED DOG,0.00%
2024,11,C646,REDPHONE,0.02%
2024,11,C753,ROCKETEL,0.08%
2024,11,C485,SERVITRON,0.01%
2024,11,G003,TELEFÓNICA,7.05%
2024,11,C080,TELMOVIL,0.03%
2024,11,C775,VASANTA,0.01%
2024,11,C629,VIRGIN MOBILE,0.69%
2024,11,C656,WEEX,0.04%
2024,11,C758,WIMOTELECOM,0.00%
2024,11,C984,YO SOY BIENESTAR,0.00%
2024,11,C747,YOBI TELECOM,0.11%
2024,12,C746,ADDINTELI,0.01%
2024,12,C020,ALESTRA,0.00%
2024,12,G006,AMÉRICA MÓVIL,59.71%
2024,12,G007,AT&T,15.40%
2024,12,C805,AXIOS MOBILE,0.01%
2024,12,C647,BENELEIT MOVIL,0.01%
2024,12,C551,BIEN CEL,0.00%
2024,12,C511,BROMOVIL,0.01%
2024,12,C644,BUENO CELL,0.01%
2024,12,C806,CELFI,0.00%
2024,12,C816,CONECTA2,0.00%
2024,12,G253,COPPEL,0.01%
2024,12,C590,COSMOCABLE,0.00%
2024,12,C730,EDILAR,0.05%
2024,12,C709,FREEDOMPOP,1.57%
2024,12,C794,GAMERS,0.00%
2024,12,C584,GRUPO SALINAS,0.61%
2024,12,G004,GRUPO TELEVISA,0.25%
2024,12,C804,GRUPO WALMART,13.43%
2024,12,C732,GURUCOMM,0.00%
2024,12,C717,IENTC,0.02%
2024,12,G008,MEGACABLE-MCM,0.41%
2024,12,C818,MOBIG,0.00%
2024,12,C729,NETWEY,0.01%
2024,12,C751,NEWWW,0.51%
2024,12,C465,R&R NEGOCIOS ALTERNOS,0.00%
2024,12,C807,RED DOG,0.00%
2024,12,C646,REDPHONE,0.03%
2024,12,C753,ROCKETEL,0.08%
2024,12,C485,SERVITRON,0.01%
2024,12,G003,TELEFÓNICA,6.98%
2024,12,C080,TELMOVIL,0.03%
2024,12,C775,VASANTA,0.01%
2024,12,C629,VIRGIN MOBILE,0.70%
2024,12,C656,WEEX,0.03%
2024,12,C758,WIMOTELECOM,0.00%
2024,12,C984,YO SOY BIENESTAR,0.00%
2024,12,C747,YOBI TELECOM,0.11%
